case_id,case_uuid,scope_type,scope_ref,trigger_type,risk_score,risk_level,population_affected_ratio,device_model_pattern,population_sample_quality,congestion_signature,coverage_signature,interference_signature,outage_signature,terrain_context,vegetation_context,weather_context,historical_context,total_devices,affected_devices,healthy_devices,mean_los_blocked_pct,mean_geo_vulnerability,mean_fresnel_occupancy_pct,mean_max_fresnel_intrusion_m,mean_minimum_clearance_ratio,mean_environmental_vulnerability,mean_weather_score,label_domain,label_primary_cause,label_confidence,structured_verified,consensus_status,human_review_required,training_eligible,created_at,data_origin,provenance_registered,provenance_source,scenario_name,batch_id,generation_group,seed,expected_domain,expected_cause,manifest_verified_domain,manifest_verified_cause,label_match,probe_only,split_group
13,aec6bc43-72d1-4bc3-b74a-0bc21de12c0c,CELL,GX-CELL-001,POPULATION_CORRELATION,,,0.8,NO_MODEL_SPECIFIC_PATTERN,STRONG,0.0,1.0,0.0,0.0,1.0,1.0,0.0,1.0,40,32,8,47.12,82.0,54.02,67.01,-6.97,87.97,12.5,PROPAGATION_DOMAIN,TERRAIN_PROPAGATION_LIKELY,0.6904,True,AGREEMENT,False,False,2026-09-24T12:54:06.315644+05:30,UNKNOWN,False,,,,,,,,,,,False,
15,8f7a9e2f-dd96-42bd-a022-d845960e707e,CELL,GX-CELL-001,POPULATION_CORRELATION,,,0.8,NO_MODEL_SPECIFIC_PATTERN,STRONG,1.0,0.0,0.0,0.0,1.0,0.6667,0.0,1.0,40,32,8,47.13,80.67,52.87,54.49,-7.47,59.6,10.0,NETWORK_DOMAIN,CONGESTION_OR_BACKHAUL,0.7671,True,,,False,2026-09-24T18:47:26.115233+05:30,SYNTHETIC,True,SCENARIO_PROBE,network,,,,,CONGESTION_OR_BACKHAUL,NETWORK_DOMAIN,CONGESTION_OR_BACKHAUL,True,True,
16,b4433b30-c9f6-4d2e-99a9-847492fb79a0,CELL,GX-CELL-001,POPULATION_CORRELATION,,,0.3,DEVICE_MODEL_SPECIFIC_PATTERN,STRONG,0.25,0.0,0.75,0.0,1.0,0.6667,0.0,0.6667,40,12,28,49.42,82.0,54.02,73.27,-7.78,57.79,11.67,DEVICE_DOMAIN,DEVICE_MODEL_OR_FIRMWARE,0.882,True,,,False,2026-09-24T18:50:28.808224+05:30,SYNTHETIC,True,SCENARIO_PROBE,device-model,,,,,DEVICE_MODEL_OR_FIRMWARE,DEVICE_DOMAIN,DEVICE_MODEL_OR_FIRMWARE,True,True,
17,c74c8b2d-4aae-4959-beeb-a3cc0b05be8c,CELL,GX-CELL-001,POPULATION_CORRELATION,,,0.8,NO_MODEL_SPECIFIC_PATTERN,STRONG,0.0,1.0,0.0,0.0,1.0,1.0,0.0,1.0,40,32,8,47.12,79.33,48.27,57.58,-5.96,89.57,10.83,PROPAGATION_DOMAIN,TERRAIN_PROPAGATION_LIKELY,0.6904,True,,,False,2026-09-24T18:50:49.588338+05:30,SYNTHETIC,True,SCENARIO_PROBE,coverage,,,,,COVERAGE_OR_PROPAGATION,PROPAGATION_DOMAIN,TERRAIN_PROPAGATION_LIKELY,False,True,
18,e8556d65-3050-43f6-8355-e78d9d5d6663,CELL,GX-CELL-001,POPULATION_CORRELATION,,,0.3,DEVICE_MODEL_SPECIFIC_PATTERN,STRONG,0.25,0.0,0.75,0.0,1.0,1.0,0.0,0.6667,40,12,28,59.77,82.0,63.22,77.18,-8.16,89.01,10.0,DEVICE_DOMAIN,DEVICE_MODEL_OR_FIRMWARE,0.882,True,,,False,2026-09-24T18:52:11.670942+05:30,UNKNOWN,False,,,,,,,,,,,False,
19,9cf4e071-17e9-406f-ac40-f23a7d940ab3,CELL,GX-CELL-001,POPULATION_CORRELATION,,,0.8,NO_MODEL_SPECIFIC_PATTERN,STRONG,0.0,1.0,0.0,0.0,1.0,1.0,0.0,1.0,40,32,8,48.28,80.67,56.32,71.96,-8.99,89.22,10.83,PROPAGATION_DOMAIN,TERRAIN_PROPAGATION_LIKELY,0.6904,True,,,False,2026-09-24T18:53:26.910967+05:30,UNKNOWN,False,,,,,,,,,,,False,
20,19adbdd3-ec87-43a8-8ebc-855416d2d86c,CELL,GX-CELL-001,POPULATION_CORRELATION,,,0.8,NO_MODEL_SPECIFIC_PATTERN,STRONG,1.0,0.0,0.0,0.0,1.0,0.3333,0.0,1.0,40,32,8,71.27,82.0,73.56,85.39,-12.72,30.27,10.0,NETWORK_DOMAIN,CONGESTION_OR_BACKHAUL,0.7671,True,,,False,2026-09-24T19:04:05.618091+05:30,UNKNOWN,False,,,,,,,,,,,False,
21,460dba3f-7a64-425f-819f-a2c3723f4d48,CELL,GX-CELL-001,POPULATION_CORRELATION,,,0.8,NO_MODEL_SPECIFIC_PATTERN,STRONG,1.0,0.0,0.0,0.0,1.0,1.0,0.0,1.0,40,32,8,34.48,80.67,39.08,48.87,-5.96,88.49,11.67,NETWORK_DOMAIN,CONGESTION_OR_BACKHAUL,0.7671,True,,,False,2026-09-24T19:04:18.636477+05:30,UNKNOWN,False,,,,,,,,,,,False,
22,390658c7-fde0-4547-9137-f92208abcdb1,CELL,GX-CELL-001,POPULATION_CORRELATION,,,0.8,NO_MODEL_SPECIFIC_PATTERN,STRONG,1.0,0.0,0.0,0.0,1.0,1.0,0.0,1.0,40,32,8,81.61,82.0,83.91,112.0,-13.54,89.38,10.0,NETWORK_DOMAIN,CONGESTION_OR_BACKHAUL,0.7671,True,,,False,2026-09-24T19:04:43.040108+05:30,UNKNOWN,False,,,,,,,,,,,False,
23,91eea254-eb9a-44c2-a804-e0e8782b0d7f,CELL,GX-CELL-001,POPULATION_CORRELATION,,,0.8,NO_MODEL_SPECIFIC_PATTERN,STRONG,1.0,0.0,0.0,0.0,1.0,1.0,0.0,1.0,40,32,8,59.77,82.0,64.37,75.47,-7.82,89.22,10.0,NETWORK_DOMAIN,CONGESTION_OR_BACKHAUL,0.7671,True,,,False,2026-09-24T19:05:01.698526+05:30,UNKNOWN,False,,,,,,,,,,,False,
24,a50b45c5-c950-44d7-8c34-ac447f60fd90,CELL,GX-CELL-001,POPULATION_CORRELATION,,,0.8,NO_MODEL_SPECIFIC_PATTERN,STRONG,1.0,0.0,0.0,0.0,1.0,1.0,0.0,1.0,40,32,8,72.42,82.0,74.71,91.47,-9.97,88.7,10.0,NETWORK_DOMAIN,CONGESTION_OR_BACKHAUL,0.7671,True,,,False,2026-09-24T19:05:29.807454+05:30,UNKNOWN,False,,,,,,,,,,,False,
25,af634ee6-31c9-4f2a-9460-34757f56596b,CELL,GX-CELL-001,POPULATION_CORRELATION,,,0.3,DEVICE_MODEL_SPECIFIC_PATTERN,STRONG,0.25,0.0,0.75,0.0,1.0,1.0,0.0,0.6667,40,12,28,50.57,82.0,50.57,74.37,-7.87,88.28,11.67,DEVICE_DOMAIN,DEVICE_MODEL_OR_FIRMWARE,0.882,True,,,False,2026-09-24T19:06:41.205934+05:30,UNKNOWN,False,,,,,,,,,,,False,
26,4a151ef6-93e6-4208-9e0d-6107a0044152,CELL,GX-CELL-001,POPULATION_CORRELATION,,,0.3,DEVICE_MODEL_SPECIFIC_PATTERN,STRONG,0.25,0.0,0.75,0.0,1.0,0.6667,0.0,0.6667,40,12,28,39.08,79.33,48.27,64.82,-6.84,58.87,10.83,DEVICE_DOMAIN,DEVICE_MODEL_OR_FIRMWARE,0.882,True,,,False,2026-09-24T19:09:16.504049+05:30,UNKNOWN,False,,,,,,,,,,,False,
27,6ac57e55-71fa-4b28-9643-33278e967887,CELL,GX-CELL-001,POPULATION_CORRELATION,,,0.3,DEVICE_MODEL_SPECIFIC_PATTERN,STRONG,0.25,0.0,0.75,0.0,1.0,0.6667,0.0,0.6667,40,12,28,51.73,80.67,59.77,63.28,-6.73,58.0,10.83,DEVICE_DOMAIN,DEVICE_MODEL_OR_FIRMWARE,0.882,True,,,False,2026-09-24T19:12:20.239226+05:30,UNKNOWN,False,,,,,,,,,,,False,
28,6586fa85-0d97-404e-bf46-b53a433af15a,CELL,GX-CELL-001,POPULATION_CORRELATION,,,0.3,DEVICE_MODEL_SPECIFIC_PATTERN,STRONG,0.25,0.0,0.75,0.0,1.0,1.0,0.0,0.6667,40,12,28,55.17,82.0,60.92,74.79,-7.88,88.7,10.83,DEVICE_DOMAIN,DEVICE_MODEL_OR_FIRMWARE,0.882,True,,,False,2026-09-24T19:12:32.504730+05:30,UNKNOWN,False,,,,,,,,,,,False,
29,ed533214-8a8e-49d0-ad02-495c57205647,CELL,GX-CELL-001,POPULATION_CORRELATION,,,0.3,DEVICE_MODEL_SPECIFIC_PATTERN,STRONG,0.25,0.0,0.75,0.0,1.0,0.6667,0.0,0.6667,40,12,28,41.38,82.0,50.57,57.66,-5.87,58.0,11.67,DEVICE_DOMAIN,DEVICE_MODEL_OR_FIRMWARE,0.882,True,,,False,2026-09-24T19:15:10.538320+05:30,UNKNOWN,False,,,,,,,,,,,False,
30,b7511897-49ca-4479-b4b9-9f9236fc79fd,CELL,GX-CELL-001,POPULATION_CORRELATION,,,0.8,NO_MODEL_SPECIFIC_PATTERN,STRONG,0.0,1.0,0.0,0.0,1.0,1.0,0.0,1.0,40,32,8,67.82,82.0,71.27,95.54,-11.73,89.1,10.83,PROPAGATION_DOMAIN,TERRAIN_PROPAGATION_LIKELY,0.6904,True,,,False,2026-09-24T19:15:55.891388+05:30,UNKNOWN,False,,,,,,,,,,,False,
31,4f1aabaf-0062-4794-809d-7ddca18a4605,CELL,GX-CELL-001,POPULATION_CORRELATION,,,0.8,NO_MODEL_SPECIFIC_PATTERN,STRONG,0.0,1.0,0.0,0.0,1.0,0.6667,0.0,1.0,40,32,8,40.23,80.67,45.98,64.01,-7.25,59.25,11.67,PROPAGATION_DOMAIN,TERRAIN_PROPAGATION_LIKELY,0.6904,True,,,False,2026-09-24T19:18:25.631453+05:30,UNKNOWN,False,,,,,,,,,,,False,
32,d6f3d216-2ec9-43a7-9532-a98335325863,CELL,GX-CELL-001,POPULATION_CORRELATION,,,0.8,NO_MODEL_SPECIFIC_PATTERN,STRONG,0.0,1.0,0.0,0.0,1.0,1.0,0.0,1.0,40,32,8,35.63,79.33,42.53,53.09,-6.4,89.57,10.83,PROPAGATION_DOMAIN,TERRAIN_PROPAGATION_LIKELY,0.6904,True,,,False,2026-09-24T19:19:01.390248+05:30,UNKNOWN,False,,,,,,,,,,,False,
33,387ba47e-a215-4ff2-a56a-fa0c4e6e89bd,CELL,GX-CELL-001,POPULATION_CORRELATION,,,0.8,NO_MODEL_SPECIFIC_PATTERN,STRONG,0.0,1.0,0.0,0.0,1.0,1.0,0.0,1.0,40,32,8,54.02,82.0,62.07,77.05,-9.6,88.35,10.0,PROPAGATION_DOMAIN,TERRAIN_PROPAGATION_LIKELY,0.6904,True,,,False,2026-09-24T19:19:31.797074+05:30,UNKNOWN,False,,,,,,,,,,,False,
34,5ed8d0b3-57d3-4bed-b2b7-463f4b5a968d,CELL,GX-CELL-001,POPULATION_CORRELATION,,,0.8,NO_MODEL_SPECIFIC_PATTERN,STRONG,0.0,1.0,0.0,0.0,1.0,0.6667,0.0,1.0,40,32,8,42.53,80.67,48.28,55.78,-5.73,58.87,11.67,PROPAGATION_DOMAIN,TERRAIN_PROPAGATION_LIKELY,0.6904,True,,,False,2026-09-24T19:22:20.312374+05:30,UNKNOWN,False,,,,,,,,,,,False,
35,7bb067e9-8aa1-4ff7-b60e-411c97e1ee3e,CELL,GX-CELL-001,POPULATION_CORRELATION,,,0.8,NO_MODEL_SPECIFIC_PATTERN,STRONG,0.0,0.0,1.0,0.0,1.0,1.0,0.0,1.0,40,32,8,31.03,82.0,40.23,64.92,-6.63,87.41,10.0,NETWORK_DOMAIN,INTERFERENCE,0.7268,True,,,False,2026-09-24T19:38:47.233373+05:30,UNKNOWN,False,,,,,,,,,,,False,
36,7a446d17-359c-4527-a673-e1df297daecb,CELL,GX-CELL-001,POPULATION_CORRELATION,,,0.8,NO_MODEL_SPECIFIC_PATTERN,STRONG,1.0,0.0,0.0,0.3125,1.0,0.6667,0.0,1.0,40,32,8,71.27,80.67,74.71,89.7,-11.84,58.83,10.0,NETWORK_DOMAIN,CONGESTION_OR_BACKHAUL,0.7671,True,,,False,2026-09-24T19:43:23.538271+05:30,UNKNOWN,False,,,,,,,,,,,False,
37,18af9baf-b9d6-49bf-a3fb-1de0b65c8fe9,CELL,GX-CELL-001,POPULATION_CORRELATION,,,0.8,NO_MODEL_SPECIFIC_PATTERN,STRONG,0.6875,0.0,0.0,0.3125,1.0,0.6667,0.0,1.0,40,32,8,71.27,80.67,74.71,89.7,-11.84,60.04,10.0,NETWORK_DOMAIN,CONGESTION_OR_BACKHAUL,0.5274,True,,,False,2026-09-24T19:50:24.211103+05:30,UNKNOWN,False,,,,,,,,,,,False,
38,dcbabaa4-cb68-43d4-ab7b-e0664005350b,CELL,GX-CELL-001,POPULATION_CORRELATION,,,0.8,NO_MODEL_SPECIFIC_PATTERN,STRONG,0.0,0.0,0.0,1.0,1.0,1.0,0.0,1.0,40,32,8,71.27,80.67,74.71,89.7,-11.84,89.45,10.0,NETWORK_DOMAIN,OUTAGE,0.7913,True,,,False,2026-09-24T19:57:31.778865+05:30,UNKNOWN,False,,,,,,,,,,,False,
39,dee2392b-3a14-426c-871a-c83fb69b5776,CELL,GX-CELL-001,POPULATION_CORRELATION,,,0.8,NO_MODEL_SPECIFIC_PATTERN,STRONG,1.0,0.0,0.0,0.0,1.0,1.0,0.0,1.0,40,32,8,71.27,82.0,73.56,85.39,-12.72,89.87,10.0,NETWORK_DOMAIN,CONGESTION_OR_BACKHAUL,0.7671,True,,,False,2026-09-24T19:59:22.969702+05:30,UNKNOWN,False,,,,,,,,,,,False,
40,98decee8-a410-4709-a99e-c3acb931e783,CELL,GX-CELL-001,POPULATION_CORRELATION,,,0.8,NO_MODEL_SPECIFIC_PATTERN,STRONG,0.0,0.0,1.0,0.0,1.0,1.0,0.0,1.0,40,32,8,31.03,82.0,40.23,64.92,-6.63,87.41,10.0,NETWORK_DOMAIN,INTERFERENCE,0.7268,True,,,False,2026-09-24T20:03:32.850588+05:30,UNKNOWN,False,,,,,,,,,,,False,
41,2a84ff1d-2205-42b9-b223-84a9ee581ca4,CELL,GX-CELL-001,POPULATION_CORRELATION,,,0.8,NO_MODEL_SPECIFIC_PATTERN,STRONG,0.0,0.0,1.0,0.0,1.0,0.6667,0.0,1.0,40,32,8,47.13,80.67,52.87,65.24,-6.83,58.73,10.0,NETWORK_DOMAIN,INTERFERENCE,0.7268,True,,,False,2026-09-24T20:06:36.645562+05:30,UNKNOWN,False,,,,,,,,,,,False,
42,b6c64760-4803-47c3-92a5-edf6326e8edf,CELL,GX-CELL-001,POPULATION_CORRELATION,,,0.8,NO_MODEL_SPECIFIC_PATTERN,STRONG,0.0,0.0,1.0,0.0,1.0,1.0,0.0,1.0,40,32,8,48.27,82.0,49.42,65.35,-6.64,87.62,10.0,NETWORK_DOMAIN,INTERFERENCE,0.7268,True,,,False,2026-09-24T20:08:40.036512+05:30,UNKNOWN,False,,,,,,,,,,,False,
43,751fa5c7-04a0-476b-9635-5ad91a5f00a7,CELL,GX-CELL-001,POPULATION_CORRELATION,,,0.8,NO_MODEL_SPECIFIC_PATTERN,STRONG,0.0,0.0,1.0,0.0,1.0,1.0,0.0,1.0,40,32,8,52.87,80.67,58.62,75.37,-8.01,89.57,10.0,NETWORK_DOMAIN,INTERFERENCE,0.7268,True,,,False,2026-09-24T20:09:43.082635+05:30,UNKNOWN,False,,,,,,,,,,,False,
44,9c092c46-0d81-4ff2-891a-dcec89edaecf,CELL,GX-CELL-001,POPULATION_CORRELATION,,,0.8,NO_MODEL_SPECIFIC_PATTERN,STRONG,0.0,0.0,1.0,0.0,1.0,1.0,0.0,1.0,40,32,8,44.83,80.67,49.42,56.24,-6.74,88.18,10.0,NETWORK_DOMAIN,INTERFERENCE,0.7268,True,,,False,2026-09-24T20:09:55.868680+05:30,UNKNOWN,False,,,,,,,,,,,False,
45,7ad03d1a-8e5c-4f77-849d-78909e7b3cd3,CELL,GX-CELL-001,POPULATION_CORRELATION,,,0.8,NO_MODEL_SPECIFIC_PATTERN,STRONG,0.0,0.0,0.0,1.0,1.0,1.0,0.0,1.0,40,32,8,71.27,80.67,74.71,89.7,-11.84,89.45,10.0,NETWORK_DOMAIN,OUTAGE,0.7913,True,,,False,2026-09-24T20:10:08.198902+05:30,UNKNOWN,False,,,,,,,,,,,False,
46,e2e30d54-6bdc-4ef2-9678-41077cecbfef,CELL,GX-CELL-001,POPULATION_CORRELATION,,,0.8,NO_MODEL_SPECIFIC_PATTERN,STRONG,0.0,0.0,0.0,1.0,1.0,1.0,0.0,1.0,40,32,8,42.53,80.67,47.13,54.42,-7.01,88.7,10.0,NETWORK_DOMAIN,OUTAGE,0.7913,True,,,False,2026-09-24T20:11:17.878959+05:30,UNKNOWN,False,,,,,,,,,,,False,
47,e08426a8-19cd-40c7-8ab2-f9ef6ab35e1d,CELL,GX-CELL-001,POPULATION_CORRELATION,,,0.8,NO_MODEL_SPECIFIC_PATTERN,STRONG,0.0,0.0,0.0,1.0,1.0,1.0,0.0,1.0,40,32,8,40.23,80.67,50.57,71.1,-8.06,88.49,10.0,NETWORK_DOMAIN,OUTAGE,0.7913,True,,,False,2026-09-24T20:12:15.359673+05:30,UNKNOWN,False,,,,,,,,,,,False,
48,0e8d0be5-dc7f-4881-a789-3dd928786e07,CELL,GX-CELL-001,POPULATION_CORRELATION,,,0.8,NO_MODEL_SPECIFIC_PATTERN,STRONG,0.0,0.0,0.0,1.0,1.0,1.0,0.0,1.0,40,32,8,66.67,80.67,67.82,83.47,-10.09,89.87,10.0,NETWORK_DOMAIN,OUTAGE,0.7913,True,,,False,2026-09-24T20:13:19.811410+05:30,UNKNOWN,False,,,,,,,,,,,False,
49,cdaf7084-2a77-4424-bddb-c519ddd67fe1,CELL,GX-CELL-001,POPULATION_CORRELATION,,,0.8,NO_MODEL_SPECIFIC_PATTERN,STRONG,0.0,0.0,0.0,1.0,1.0,1.0,0.0,1.0,40,32,8,47.13,79.33,50.57,65.71,-6.93,89.57,10.0,NETWORK_DOMAIN,OUTAGE,0.7913,True,,,False,2026-09-24T20:14:26.180686+05:30,UNKNOWN,False,,,,,,,,,,,False,
50,1a559158-c073-4918-a477-da66a6b6c218,CELL,GX-CELL-001,POPULATION_CORRELATION,,,0.8,NO_MODEL_SPECIFIC_PATTERN,STRONG,1.0,0.0,0.0,0.0,1.0,1.0,0.0,1.0,40,32,8,36.78,82.0,47.12,58.32,-5.91,87.62,10.0,NETWORK_DOMAIN,CONGESTION_OR_BACKHAUL,0.7671,True,,,False,2026-09-24T20:17:40.034009+05:30,UNKNOWN,False,,,,,,,,,,,False,
51,8d448d30-2290-448c-8492-41d302c11607,CELL,GX-CELL-001,POPULATION_CORRELATION,,,0.8,NO_MODEL_SPECIFIC_PATTERN,STRONG,1.0,0.0,0.0,0.0,1.0,1.0,0.0,1.0,40,32,8,49.43,80.67,57.47,68.65,-7.65,89.14,10.0,NETWORK_DOMAIN,CONGESTION_OR_BACKHAUL,0.7671,True,,,False,2026-09-24T20:18:28.044555+05:30,UNKNOWN,False,,,,,,,,,,,False,
52,98634bcd-2323-4ac1-b2df-822e676f6eb1,CELL,GX-CELL-001,POPULATION_CORRELATION,,,0.8,NO_MODEL_SPECIFIC_PATTERN,STRONG,1.0,0.0,0.0,0.0,1.0,1.0,0.0,1.0,40,32,8,52.87,80.67,55.17,79.15,-9.02,88.49,10.0,NETWORK_DOMAIN,CONGESTION_OR_BACKHAUL,0.7671,True,,,False,2026-09-24T20:18:44.032191+05:30,UNKNOWN,False,,,,,,,,,,,False,
53,eac6ed59-5caf-41b1-af49-8cd228a62248,CELL,GX-CELL-001,POPULATION_CORRELATION,,,0.8,NO_MODEL_SPECIFIC_PATTERN,STRONG,1.0,0.0,0.0,0.0,1.0,0.5,0.0,1.0,40,32,8,44.83,80.0,51.72,70.62,-7.34,44.44,5.0,NETWORK_DOMAIN,CONGESTION_OR_BACKHAUL,0.7671,True,,,False,2026-09-24T20:22:01.027943+05:30,UNKNOWN,False,,,,,,,,,,,False,
54,31b2e3f5-3beb-49c1-ad5c-f0bf50e2980f,CELL,GX-CELL-001,POPULATION_CORRELATION,,,0.8,NO_MODEL_SPECIFIC_PATTERN,STRONG,1.0,0.0,0.0,0.0,0.0,0.0,0.0,0.0,40,32,8,,,,,,,,NETWORK_DOMAIN,CONGESTION_OR_BACKHAUL,0.7671,True,,,False,2026-09-24T20:22:37.833424+05:30,UNKNOWN,False,,,,,,,,,,,False,
55,d7e37d01-f1fd-4d2c-bd91-02184774ca78,CELL,GX-CELL-001,POPULATION_CORRELATION,,,0.3,DEVICE_MODEL_SPECIFIC_PATTERN,STRONG,0.25,0.0,0.75,0.0,0.0,0.0,0.0,0.0,40,12,28,,,,,,,,DEVICE_DOMAIN,DEVICE_MODEL_OR_FIRMWARE,0.882,True,,,False,2026-09-24T20:23:15.473680+05:30,UNKNOWN,False,,,,,,,,,,,False,
56,cc2eee0f-39ec-4e12-a6a0-d24100e467a0,CELL,GX-CELL-001,POPULATION_CORRELATION,,,0.3,DEVICE_MODEL_SPECIFIC_PATTERN,STRONG,0.25,0.0,0.75,0.0,0.0,0.0,0.0,0.0,40,12,28,,,,,,,,DEVICE_DOMAIN,DEVICE_MODEL_OR_FIRMWARE,0.882,True,,,False,2026-09-24T20:23:52.012409+05:30,UNKNOWN,False,,,,,,,,,,,False,
57,430d25a3-77b9-452c-a8e9-edcbfd9123af,CELL,GX-CELL-001,POPULATION_CORRELATION,,,0.3,DEVICE_MODEL_SPECIFIC_PATTERN,STRONG,0.25,0.0,0.75,0.0,0.0,0.0,0.0,0.0,40,12,28,,,,,,,,DEVICE_DOMAIN,DEVICE_MODEL_OR_FIRMWARE,0.882,True,,,False,2026-09-24T20:24:28.442261+05:30,UNKNOWN,False,,,,,,,,,,,False,
58,9fe89fb5-571f-4138-a18a-4a17f8ee566c,CELL,GX-CELL-001,POPULATION_CORRELATION,,,0.3,DEVICE_MODEL_SPECIFIC_PATTERN,STRONG,0.25,0.0,0.75,0.0,0.0,0.0,0.0,0.0,40,12,28,,,,,,,,DEVICE_DOMAIN,DEVICE_MODEL_OR_FIRMWARE,0.882,True,,,False,2026-09-24T20:25:04.855188+05:30,UNKNOWN,False,,,,,,,,,,,False,
59,d57e5211-e01c-422b-b1f8-50d4b8c3687d,CELL,GX-CELL-001,POPULATION_CORRELATION,,,0.3,DEVICE_MODEL_SPECIFIC_PATTERN,STRONG,0.25,0.0,0.75,0.0,0.0,0.0,0.0,0.0,40,12,28,,,,,,,,DEVICE_DOMAIN,DEVICE_MODEL_OR_FIRMWARE,0.882,True,,,False,2026-09-24T20:25:41.480062+05:30,UNKNOWN,False,,,,,,,,,,,False,
60,d8b0e45f-0b08-424c-9040-8509fb680528,CELL,GX-CELL-001,POPULATION_CORRELATION,,,0.8,NO_MODEL_SPECIFIC_PATTERN,STRONG,0.0,1.0,0.0,0.0,0.0,0.0,0.0,0.0,40,32,8,,,,,,,,PROPAGATION_DOMAIN,COVERAGE_OR_PROPAGATION,0.7268,True,,,False,2026-09-24T20:26:18.548569+05:30,UNKNOWN,False,,,,,,,,,,,False,
61,85fed05e-4ac3-48f5-bc32-7e328f899ccd,CELL,GX-CELL-001,POPULATION_CORRELATION,,,0.8,NO_MODEL_SPECIFIC_PATTERN,STRONG,0.0,1.0,0.0,0.0,0.0,0.0,0.0,0.0,40,32,8,,,,,,,,PROPAGATION_DOMAIN,COVERAGE_OR_PROPAGATION,0.7268,True,,,False,2026-09-24T20:26:54.749804+05:30,UNKNOWN,False,,,,,,,,,,,False,
62,d3fe4375-0b82-4209-82e4-01211b855023,CELL,GX-CELL-001,POPULATION_CORRELATION,,,0.8,NO_MODEL_SPECIFIC_PATTERN,STRONG,0.0,1.0,0.0,0.0,0.0,0.0,0.0,0.0,40,32,8,,,,,,,,PROPAGATION_DOMAIN,COVERAGE_OR_PROPAGATION,0.7268,True,,,False,2026-09-24T20:27:32.460655+05:30,UNKNOWN,False,,,,,,,,,,,False,
63,49d3f976-a21e-4edc-aacb-0ff09519a1cd,CELL,GX-CELL-001,POPULATION_CORRELATION,,,0.8,NO_MODEL_SPECIFIC_PATTERN,STRONG,0.0,1.0,0.0,0.0,0.0,0.0,0.0,0.0,40,32,8,,,,,,,,PROPAGATION_DOMAIN,COVERAGE_OR_PROPAGATION,0.7268,True,,,False,2026-09-24T20:28:09.904741+05:30,UNKNOWN,False,,,,,,,,,,,False,
64,fbab1b26-67ad-469e-9937-c8a3093c1b4c,CELL,GX-CELL-001,POPULATION_CORRELATION,,,0.8,NO_MODEL_SPECIFIC_PATTERN,STRONG,0.0,1.0,0.0,0.0,0.0,0.0,0.0,0.0,40,32,8,,,,,,,,PROPAGATION_DOMAIN,COVERAGE_OR_PROPAGATION,0.7268,True,,,False,2026-09-24T20:28:53.296942+05:30,UNKNOWN,False,,,,,,,,,,,False,
65,2ec683af-8209-4d74-907b-c92a82215438,CELL,GX-CELL-001,POPULATION_CORRELATION,,,0.8,NO_MODEL_SPECIFIC_PATTERN,STRONG,0.0,0.0,1.0,0.0,0.0,0.0,0.0,0.0,40,32,8,,,,,,,,NETWORK_DOMAIN,INTERFERENCE,0.7268,True,,,False,2026-09-24T20:29:32.845798+05:30,UNKNOWN,False,,,,,,,,,,,False,
66,4ab70fb1-b7d7-4c49-98b7-116340391d5a,CELL,GX-CELL-001,POPULATION_CORRELATION,,,0.8,NO_MODEL_SPECIFIC_PATTERN,STRONG,0.0,0.0,1.0,0.0,0.0,0.0,0.0,0.0,40,32,8,,,,,,,,NETWORK_DOMAIN,INTERFERENCE,0.7268,True,,,False,2026-09-24T20:30:11.872332+05:30,UNKNOWN,False,,,,,,,,,,,False,
67,e39fcc5b-449d-461d-ae33-244d34d1a15e,CELL,GX-CELL-001,POPULATION_CORRELATION,,,0.8,NO_MODEL_SPECIFIC_PATTERN,STRONG,0.0,0.0,1.0,0.0,0.0,0.0,0.0,0.0,40,32,8,,,,,,,,NETWORK_DOMAIN,INTERFERENCE,0.7268,True,,,False,2026-09-24T20:30:48.428914+05:30,UNKNOWN,False,,,,,,,,,,,False,
68,c40d392f-672a-47b2-b358-0fe9fa424afd,CELL,GX-CELL-001,POPULATION_CORRELATION,,,0.8,NO_MODEL_SPECIFIC_PATTERN,STRONG,0.0,0.0,1.0,0.0,0.0,0.0,0.0,0.0,40,32,8,,,,,,,,NETWORK_DOMAIN,INTERFERENCE,0.7268,True,,,False,2026-09-24T20:31:25.477849+05:30,UNKNOWN,False,,,,,,,,,,,False,
69,098a9f12-0443-4468-94ef-f881e3db9b2a,CELL,GX-CELL-001,POPULATION_CORRELATION,,,0.8,NO_MODEL_SPECIFIC_PATTERN,STRONG,0.0,0.0,1.0,0.0,1.0,1.0,0.0,1.0,40,32,8,43.68,80.67,49.42,65.51,-8.65,89.22,10.0,NETWORK_DOMAIN,INTERFERENCE,0.7268,True,,,False,2026-09-24T20:31:42.451338+05:30,UNKNOWN,False,,,,,,,,,,,False,
70,f6e03c1a-0deb-4c49-b411-f1655315139c,CELL,GX-CELL-001,POPULATION_CORRELATION,,,0.8,NO_MODEL_SPECIFIC_PATTERN,STRONG,0.0,0.0,0.0,1.0,1.0,1.0,0.0,1.0,40,32,8,35.63,79.33,39.08,54.55,-5.56,88.84,10.0,NETWORK_DOMAIN,OUTAGE,0.7913,True,,,False,2026-09-24T20:32:26.719001+05:30,UNKNOWN,False,,,,,,,,,,,False,
71,54ae5b89-8b4c-4f75-b186-f25a8212c3e1,CELL,GX-CELL-001,POPULATION_CORRELATION,,,0.8,NO_MODEL_SPECIFIC_PATTERN,STRONG,0.0,0.0,0.0,1.0,1.0,1.0,0.0,1.0,40,32,8,45.98,80.67,51.72,59.22,-6.83,88.18,10.0,NETWORK_DOMAIN,OUTAGE,0.7913,True,,,False,2026-09-24T20:33:01.934431+05:30,UNKNOWN,False,,,,,,,,,,,False,
72,db0d90b4-8538-4895-95ff-04698fe7dea3,CELL,GX-CELL-001,POPULATION_CORRELATION,,,0.8,NO_MODEL_SPECIFIC_PATTERN,STRONG,0.0,0.0,0.0,1.0,1.0,1.0,0.0,1.0,40,32,8,41.38,82.0,48.28,56.55,-5.69,86.68,10.0,NETWORK_DOMAIN,OUTAGE,0.7913,True,,,False,2026-09-24T20:34:00.510066+05:30,UNKNOWN,False,,,,,,,,,,,False,
73,05493c78-d5af-493f-998f-9de8bae1fa88,CELL,GX-CELL-001,POPULATION_CORRELATION,,,0.8,NO_MODEL_SPECIFIC_PATTERN,STRONG,0.0,0.0,0.0,1.0,1.0,0.6667,0.0,1.0,40,32,8,42.53,80.67,45.97,65.6,-7.51,60.25,10.0,NETWORK_DOMAIN,OUTAGE,0.7913,True,,,False,2026-09-24T20:38:31.922033+05:30,UNKNOWN,False,,,,,,,,,,,False,
74,9fc81b3a-5b62-4e7a-abb3-5522a01d1deb,CELL,GX-CELL-001,POPULATION_CORRELATION,,,0.8,NO_MODEL_SPECIFIC_PATTERN,STRONG,0.0,0.0,0.0,1.0,1.0,1.0,0.0,1.0,40,32,8,56.32,82.0,62.07,76.0,-10.77,88.45,10.0,NETWORK_DOMAIN,OUTAGE,0.7913,True,,,False,2026-09-24T20:41:17.060902+05:30,UNKNOWN,False,,,,,,,,,,,False,
75,1e3c9989-241f-4577-ba4a-a54b5fbffea3,CELL,GX-CELL-001,POPULATION_CORRELATION,,,0.8,NO_MODEL_SPECIFIC_PATTERN,STRONG,1.0,0.0,0.0,0.0,1.0,1.0,0.0,1.0,40,32,8,44.83,82.0,52.87,74.15,-8.7,88.79,10.0,NETWORK_DOMAIN,CONGESTION_OR_BACKHAUL,0.7671,True,,,False,2026-09-24T20:43:29.684248+05:30,UNKNOWN,False,,,,,,,,,,,False,
76,6657c3f2-a4b6-455e-b302-0cf1e3d98098,CELL,GX-CELL-001,POPULATION_CORRELATION,,,0.8,NO_MODEL_SPECIFIC_PATTERN,STRONG,1.0,0.0,0.0,0.0,1.0,1.0,0.0,1.0,40,32,8,37.93,80.67,45.98,64.01,-6.77,88.49,10.0,NETWORK_DOMAIN,CONGESTION_OR_BACKHAUL,0.7671,True,,,False,2026-09-24T20:45:08.459751+05:30,UNKNOWN,False,,,,,,,,,,,False,
78,72482ebb-c110-498b-9c2a-c04d0c372b03,CELL,GX-CELL-001,POPULATION_CORRELATION,,,0.8,NO_MODEL_SPECIFIC_PATTERN,STRONG,0.0,1.0,0.0,0.0,1.0,1.0,0.0,1.0,40,32,8,42.53,78.0,48.27,51.25,-5.38,89.92,10.0,PROPAGATION_DOMAIN,TERRAIN_PROPAGATION_LIKELY,0.6904,True,,,False,2026-09-24T21:01:57.634440+05:30,UNKNOWN,False,,,,,,,,,,,False,
79,05c8e84f-989c-43d4-8ca4-f6a25468958d,CELL,GX-CELL-001,POPULATION_CORRELATION,,,0.8,NO_MODEL_SPECIFIC_PATTERN,STRONG,1.0,0.0,0.0,0.0,1.0,1.0,0.0,1.0,40,32,8,57.47,82.0,65.52,75.62,-8.0,88.84,10.0,NETWORK_DOMAIN,CONGESTION_OR_BACKHAUL,0.7671,True,,,False,2026-09-24T21:05:35.695311+05:30,UNKNOWN,False,,,,,,,,,,,False,
80,bf87fdf8-ef85-4c94-8390-1260a43973d8,CELL,GX-CELL-001,POPULATION_CORRELATION,,,0.8,NO_MODEL_SPECIFIC_PATTERN,STRONG,1.0,0.0,0.0,0.0,1.0,1.0,0.0,1.0,40,32,8,52.87,82.0,59.77,73.56,-7.74,88.49,10.0,NETWORK_DOMAIN,CONGESTION_OR_BACKHAUL,0.7671,True,,,False,2026-09-24T21:07:38.724725+05:30,UNKNOWN,False,,,,,,,,,,,False,
81,7091a469-2d06-4dac-9b2c-97d340a0ba85,CELL,GX-CELL-001,POPULATION_CORRELATION,,,0.8,NO_MODEL_SPECIFIC_PATTERN,STRONG,1.0,0.0,0.0,0.0,1.0,1.0,0.0,1.0,40,32,8,40.23,79.33,44.83,63.32,-8.03,89.57,10.0,NETWORK_DOMAIN,CONGESTION_OR_BACKHAUL,0.7671,True,,,False,2026-09-24T21:09:53.970197+05:30,UNKNOWN,False,,,,,,,,,,,False,
82,9d3457ab-23ec-4670-812c-25bed4a92a43,CELL,GX-CELL-001,POPULATION_CORRELATION,,,0.8,NO_MODEL_SPECIFIC_PATTERN,STRONG,1.0,0.0,0.0,0.0,1.0,1.0,0.0,1.0,40,32,8,40.23,80.67,47.13,61.18,-7.69,89.57,10.0,NETWORK_DOMAIN,CONGESTION_OR_BACKHAUL,0.7671,True,,,False,2026-09-24T21:10:30.708491+05:30,UNKNOWN,False,,,,,,,,,,,False,
83,66369e73-8fed-4298-99ad-3d3641955b39,CELL,GX-CELL-001,POPULATION_CORRELATION,,,0.8,NO_MODEL_SPECIFIC_PATTERN,STRONG,1.0,0.0,0.0,0.0,1.0,0.6667,0.0,1.0,40,32,8,47.13,82.0,54.02,65.53,-8.59,59.39,10.0,NETWORK_DOMAIN,CONGESTION_OR_BACKHAUL,0.7671,True,,,False,2026-09-24T21:15:03.921191+05:30,UNKNOWN,False,,,,,,,,,,,False,
84,1c1f9c8d-3629-4417-a071-bf3651a2c5ba,CELL,GX-CELL-001,POPULATION_CORRELATION,,,0.3,DEVICE_MODEL_SPECIFIC_PATTERN,STRONG,0.25,0.0,0.75,0.0,1.0,0.6667,0.0,0.6667,40,12,28,45.98,80.67,51.73,66.81,-8.81,59.39,10.0,DEVICE_DOMAIN,DEVICE_MODEL_OR_FIRMWARE,0.882,True,,,False,2026-09-24T21:19:34.513156+05:30,UNKNOWN,False,,,,,,,,,,,False,
85,102ce4c2-fc32-4988-a0c4-071a5a17e3f1,CELL,GX-CELL-001,POPULATION_CORRELATION,,,0.3,DEVICE_MODEL_SPECIFIC_PATTERN,STRONG,0.25,0.0,0.75,0.0,1.0,1.0,0.0,0.6667,40,12,28,66.67,80.67,68.97,71.36,-7.43,89.05,10.0,DEVICE_DOMAIN,DEVICE_MODEL_OR_FIRMWARE,0.882,True,,,False,2026-09-24T21:24:59.987146+05:30,UNKNOWN,False,,,,,,,,,,,False,
90,a54e73d2-1a3b-4f34-b483-5265c07821ac,CELL,GX-CELL-001,POPULATION_CORRELATION,,,0.8,NO_MODEL_SPECIFIC_PATTERN,STRONG,0.0,1.0,0.0,0.0,1.0,0.6667,0.0,1.0,40,32,8,60.92,82.0,66.67,75.78,-8.96,59.95,10.0,PROPAGATION_DOMAIN,TERRAIN_PROPAGATION_LIKELY,0.6904,True,,,False,2026-09-24T21:44:29.978635+05:30,UNKNOWN,False,,,,,,,,,,,False,
93,363a9663-955a-431e-9961-11a0fb1a23e0,CELL,GX-CELL-001,POPULATION_CORRELATION,,,0.8,NO_MODEL_SPECIFIC_PATTERN,STRONG,1.0,0.0,0.0,0.0,1.0,1.0,0.0,1.0,40,32,8,54.02,82.0,58.62,68.14,-8.14,87.97,4.0,NETWORK_DOMAIN,CONGESTION_OR_BACKHAUL,0.7671,True,,,False,2026-09-24T22:06:37.315504+05:30,UNKNOWN,False,,,,,,,,,,,False,
94,6dbd0e0e-8b4d-4163-bafa-4341bbf67dd8,CELL,GX-CELL-001,POPULATION_CORRELATION,,,0.8,NO_MODEL_SPECIFIC_PATTERN,STRONG,1.0,0.0,0.0,0.0,1.0,1.0,0.0,1.0,40,32,8,33.33,80.67,36.78,62.81,-6.55,87.97,2.67,NETWORK_DOMAIN,CONGESTION_OR_BACKHAUL,0.7671,True,,,False,2026-09-24T22:07:42.512718+05:30,UNKNOWN,False,,,,,,,,,,,False,
95,5233cbc9-95fd-4834-b427-2ebb68b0529e,CELL,GX-CELL-001,POPULATION_CORRELATION,,,0.8,NO_MODEL_SPECIFIC_PATTERN,STRONG,1.0,0.0,0.0,0.0,1.0,1.0,0.0,1.0,40,32,8,33.33,79.33,40.23,61.41,-6.44,89.05,4.0,NETWORK_DOMAIN,CONGESTION_OR_BACKHAUL,0.7671,True,,,False,2026-09-24T22:10:13.846807+05:30,UNKNOWN,False,,,,,,,,,,,False,
96,99f0a4f7-c851-481f-a81c-40388942d39b,CELL,GX-CELL-001,POPULATION_CORRELATION,,,0.3,DEVICE_MODEL_SPECIFIC_PATTERN,STRONG,0.25,0.0,0.75,0.0,1.0,1.0,0.0,0.6667,40,12,28,41.38,78.0,45.98,57.41,-5.91,89.92,4.0,DEVICE_DOMAIN,DEVICE_MODEL_OR_FIRMWARE,0.882,True,,,False,2026-09-24T22:12:18.898500+05:30,UNKNOWN,False,,,,,,,,,,,False,
97,cd3bd99c-0b1f-47e8-9c02-753e30061e9e,CELL,GX-CELL-001,POPULATION_CORRELATION,,,0.3,DEVICE_MODEL_SPECIFIC_PATTERN,STRONG,0.25,0.0,0.75,0.0,1.0,1.0,0.0,0.6667,40,12,28,36.78,80.67,42.53,57.54,-7.14,89.57,4.0,DEVICE_DOMAIN,DEVICE_MODEL_OR_FIRMWARE,0.882,True,,,False,2026-09-24T22:14:56.801679+05:30,UNKNOWN,False,,,,,,,,,,,False,
98,fa89d7c6-c0be-4f15-a173-388f9e62456f,CELL,GX-CELL-001,POPULATION_CORRELATION,,,0.3,DEVICE_MODEL_SPECIFIC_PATTERN,STRONG,0.25,0.0,0.75,0.0,1.0,1.0,0.0,0.6667,40,12,28,47.13,82.0,52.87,74.61,-8.14,89.22,4.0,DEVICE_DOMAIN,DEVICE_MODEL_OR_FIRMWARE,0.882,True,,,False,2026-09-24T22:16:37.813819+05:30,UNKNOWN,False,,,,,,,,,,,False,
99,e12b96c5-fbfb-4197-bb1d-3570d5713bf0,CELL,GX-CELL-001,POPULATION_CORRELATION,,,0.3,DEVICE_MODEL_SPECIFIC_PATTERN,STRONG,0.25,0.0,0.75,0.0,1.0,1.0,0.0,0.6667,40,12,28,36.78,82.0,40.23,55.75,-7.7,88.35,4.0,DEVICE_DOMAIN,DEVICE_MODEL_OR_FIRMWARE,0.882,True,,,False,2026-09-24T22:17:38.162429+05:30,UNKNOWN,False,,,,,,,,,,,False,
100,9239eaa5-37e5-4418-acd9-92ea7b21fdd2,CELL,GX-CELL-001,POPULATION_CORRELATION,,,0.3,DEVICE_MODEL_SPECIFIC_PATTERN,STRONG,0.25,0.0,0.75,0.0,1.0,1.0,0.0,0.6667,40,12,28,41.38,82.0,44.83,55.42,-5.69,86.89,4.0,DEVICE_DOMAIN,DEVICE_MODEL_OR_FIRMWARE,0.882,True,,,False,2026-09-24T22:19:10.459886+05:30,UNKNOWN,False,,,,,,,,,,,False,
101,a92521cb-6b03-4bac-ab42-3dbbccad104a,CELL,GX-CELL-001,POPULATION_CORRELATION,,,0.3,DEVICE_MODEL_SPECIFIC_PATTERN,STRONG,0.25,0.0,0.75,0.0,1.0,1.0,0.0,0.6667,40,12,28,57.47,82.0,67.82,76.26,-8.64,87.93,4.0,DEVICE_DOMAIN,DEVICE_MODEL_OR_FIRMWARE,0.882,True,,,False,2026-09-24T22:23:12.866017+05:30,UNKNOWN,False,,,,,,,,,,,False,
102,f9252d6e-4b38-4b57-a761-402f66865fcb,CELL,GX-CELL-001,POPULATION_CORRELATION,,,0.3,DEVICE_MODEL_SPECIFIC_PATTERN,STRONG,0.25,0.0,0.75,0.0,1.0,1.0,0.0,1.0,40,12,28,54.03,79.33,58.62,68.1,-7.27,89.36,4.0,DEVICE_DOMAIN,DEVICE_MODEL_OR_FIRMWARE,0.882,True,,,False,2026-09-24T22:23:40.398434+05:30,UNKNOWN,False,,,,,,,,,,,False,
103,f0f097ce-a5da-4fd6-857f-698dfe2b6cc0,CELL,GX-CELL-001,POPULATION_CORRELATION,,,0.3,DEVICE_MODEL_SPECIFIC_PATTERN,STRONG,0.25,0.0,0.75,0.0,1.0,0.6667,0.0,1.0,40,12,28,43.68,82.0,49.43,67.28,-7.86,59.17,4.0,DEVICE_DOMAIN,DEVICE_MODEL_OR_FIRMWARE,0.882,True,,,False,2026-09-24T22:27:11.867069+05:30,UNKNOWN,False,,,,,,,,,,,False,
104,7bb97c00-b561-4bd7-bed0-c90ea7da537d,CELL,GX-CELL-001,POPULATION_CORRELATION,,,0.8,NO_MODEL_SPECIFIC_PATTERN,STRONG,0.0,0.0,1.0,0.0,1.0,1.0,0.0,1.0,40,32,8,50.57,80.67,52.87,74.1,-8.42,89.87,4.0,NETWORK_DOMAIN,INTERFERENCE,0.7268,True,,,False,2026-09-24T22:29:30.298184+05:30,UNKNOWN,False,,,,,,,,,,,False,
105,56e069a9-454c-4e9e-810c-1e699b3d7e4f,CELL,GX-CELL-001,POPULATION_CORRELATION,,,0.8,NO_MODEL_SPECIFIC_PATTERN,STRONG,0.0,0.0,1.0,0.0,1.0,1.0,0.0,1.0,40,32,8,42.53,82.0,47.12,65.63,-6.88,87.41,4.0,NETWORK_DOMAIN,INTERFERENCE,0.7268,True,,,False,2026-09-24T22:29:42.433870+05:30,UNKNOWN,False,,,,,,,,,,,False,
106,0a23cca4-6d5a-4f23-9643-8c4d04d3242a,CELL,GX-CELL-001,POPULATION_CORRELATION,,,0.8,NO_MODEL_SPECIFIC_PATTERN,STRONG,0.0,0.0,1.0,0.0,1.0,1.0,0.0,1.0,40,32,8,52.87,80.67,56.32,78.33,-9.26,89.22,4.0,NETWORK_DOMAIN,INTERFERENCE,0.7268,True,,,False,2026-09-24T22:30:54.972611+05:30,UNKNOWN,False,,,,,,,,,,,False,
107,cb5f7631-5d3c-48da-8121-0044e588970d,CELL,GX-CELL-001,POPULATION_CORRELATION,,,0.8,NO_MODEL_SPECIFIC_PATTERN,STRONG,0.0,0.0,1.0,0.0,1.0,1.0,0.0,1.0,40,32,8,42.53,82.0,51.72,63.85,-6.56,87.62,4.0,NETWORK_DOMAIN,INTERFERENCE,0.7268,True,,,False,2026-09-24T22:31:07.898625+05:30,UNKNOWN,False,,,,,,,,,,,False,
108,f43ef0b2-dded-4d64-91bb-86c487d903ba,CELL,GX-CELL-001,POPULATION_CORRELATION,,,0.8,NO_MODEL_SPECIFIC_PATTERN,STRONG,0.0,0.0,1.0,0.0,1.0,1.0,0.0,1.0,40,32,8,44.83,80.67,47.13,52.81,-9.39,89.01,4.0,NETWORK_DOMAIN,INTERFERENCE,0.7268,True,,,False,2026-09-24T22:31:44.676842+05:30,UNKNOWN,False,,,,,,,,,,,False,
109,30bf949b-8000-4723-b37f-92257e776a8c,CELL,GX-CELL-001,POPULATION_CORRELATION,,,0.8,NO_MODEL_SPECIFIC_PATTERN,STRONG,0.0,0.0,1.0,0.0,1.0,1.0,0.0,1.0,40,32,8,37.93,80.67,43.68,54.28,-5.6,89.36,4.0,NETWORK_DOMAIN,INTERFERENCE,0.7268,True,,,False,2026-09-24T22:32:01.765239+05:30,UNKNOWN,False,,,,,,,,,,,False,
110,d04fa930-2603-4733-90a0-44505ea9bdb9,CELL,GX-CELL-001,POPULATION_CORRELATION,,,0.8,NO_MODEL_SPECIFIC_PATTERN,STRONG,0.0,0.0,1.0,0.0,1.0,1.0,0.0,1.0,40,32,8,55.17,82.0,57.47,75.59,-8.0,89.01,4.0,NETWORK_DOMAIN,INTERFERENCE,0.7268,True,,,False,2026-09-24T22:33:07.827250+05:30,UNKNOWN,False,,,,,,,,,,,False,
111,f222b994-df93-4d18-9dd3-935697d67b61,CELL,GX-CELL-001,POPULATION_CORRELATION,,,0.8,NO_MODEL_SPECIFIC_PATTERN,STRONG,0.0,0.0,1.0,0.0,1.0,1.0,0.0,1.0,40,32,8,34.48,80.67,40.23,52.07,-5.21,88.49,4.0,NETWORK_DOMAIN,INTERFERENCE,0.7268,True,,,False,2026-09-24T22:33:18.939999+05:30,UNKNOWN,False,,,,,,,,,,,False,
112,27d87598-f78a-4a4e-b6a6-6591d7b1c005,CELL,GX-CELL-001,POPULATION_CORRELATION,,,0.8,NO_MODEL_SPECIFIC_PATTERN,STRONG,0.0,0.0,1.0,0.0,1.0,1.0,0.0,1.0,40,32,8,43.68,82.0,50.57,76.51,-10.58,88.14,4.0,NETWORK_DOMAIN,INTERFERENCE,0.7268,True,,,False,2026-09-24T22:33:54.480921+05:30,UNKNOWN,False,,,,,,,,,,,False,
113,57d62360-b14d-4352-bd67-7c15d6c1fce7,CELL,GX-CELL-001,POPULATION_CORRELATION,,,0.8,NO_MODEL_SPECIFIC_PATTERN,STRONG,0.0,0.0,1.0,0.0,1.0,1.0,0.0,1.0,40,32,8,37.93,82.0,43.68,55.31,-5.62,87.2,4.0,NETWORK_DOMAIN,INTERFERENCE,0.7268,True,,,False,2026-09-24T22:34:07.596812+05:30,UNKNOWN,False,,,,,,,,,,,False,
114,e7a0af2d-07f5-48e2-bceb-2894f2223b38,CELL,GX-CELL-001,POPULATION_CORRELATION,,,0.8,NO_MODEL_SPECIFIC_PATTERN,STRONG,0.0,0.0,0.0,1.0,1.0,1.0,0.0,1.0,40,32,8,39.08,79.33,44.83,61.2,-7.93,88.84,4.0,NETWORK_DOMAIN,OUTAGE,0.7913,True,,,False,2026-09-24T22:38:17.597852+05:30,UNKNOWN,False,,,,,,,,,,,False,
115,2fe3f75f-5711-4492-8e4b-afaa88785819,CELL,GX-CELL-001,POPULATION_CORRELATION,,,0.8,NO_MODEL_SPECIFIC_PATTERN,STRONG,0.0,0.0,0.0,1.0,1.0,1.0,0.0,1.0,40,32,8,51.73,80.67,58.62,85.35,-9.85,89.82,4.0,NETWORK_DOMAIN,OUTAGE,0.7913,True,,,False,2026-09-24T22:40:00.942702+05:30,UNKNOWN,False,,,,,,,,,,,False,
116,93b84d75-b29b-433c-9c24-566e566df3a2,CELL,GX-CELL-001,POPULATION_CORRELATION,,,0.8,NO_MODEL_SPECIFIC_PATTERN,STRONG,0.0,0.0,0.0,1.0,1.0,1.0,0.0,1.0,40,32,8,35.63,82.0,39.08,45.22,-5.2,88.87,4.0,NETWORK_DOMAIN,OUTAGE,0.7913,True,,,False,2026-09-24T22:40:12.803314+05:30,UNKNOWN,False,,,,,,,,,,,False,
117,1826e9ee-0e43-4a11-ab30-1ed8f4c1857f,CELL,GX-CELL-001,POPULATION_CORRELATION,,,0.8,NO_MODEL_SPECIFIC_PATTERN,STRONG,0.0,0.0,0.0,1.0,1.0,1.0,0.0,1.0,40,32,8,64.37,80.67,67.82,97.45,-12.44,89.41,4.0,NETWORK_DOMAIN,OUTAGE,0.7913,True,,,False,2026-09-24T22:41:43.734521+05:30,UNKNOWN,False,,,,,,,,,,,False,
118,32472770-4068-4ceb-b476-7c6c6fffb748,CELL,GX-CELL-001,POPULATION_CORRELATION,,,0.8,NO_MODEL_SPECIFIC_PATTERN,STRONG,0.0,0.0,0.0,1.0,1.0,1.0,0.0,1.0,40,32,8,35.63,80.67,41.38,55.95,-7.69,89.01,4.0,NETWORK_DOMAIN,OUTAGE,0.7913,True,,,False,2026-09-24T22:42:20.712078+05:30,UNKNOWN,False,,,,,,,,,,,False,
119,1323a42f-c109-4195-b73d-525be65e7ab5,CELL,GX-CELL-001,POPULATION_CORRELATION,,,0.8,NO_MODEL_SPECIFIC_PATTERN,STRONG,0.0,0.0,0.0,1.0,1.0,1.0,0.0,1.0,40,32,8,57.47,80.67,60.92,70.39,-9.02,89.66,4.0,NETWORK_DOMAIN,OUTAGE,0.7913,True,,,False,2026-09-24T22:44:26.574828+05:30,UNKNOWN,False,,,,,,,,,,,False,
120,c07bb7c4-f217-468d-bb85-8a7a1f22dd35,CELL,GX-CELL-001,POPULATION_CORRELATION,,,0.8,NO_MODEL_SPECIFIC_PATTERN,STRONG,0.0,0.0,0.0,1.0,1.0,1.0,0.0,1.0,40,32,8,42.53,82.0,48.28,64.5,-6.61,87.41,4.0,NETWORK_DOMAIN,OUTAGE,0.7913,True,,,False,2026-09-24T22:44:40.981605+05:30,UNKNOWN,False,,,,,,,,,,,False,
121,e652b9d2-5347-470d-8273-ce16e685cb5d,CELL,GX-CELL-001,POPULATION_CORRELATION,,,0.8,NO_MODEL_SPECIFIC_PATTERN,STRONG,0.0,0.0,0.0,1.0,1.0,1.0,0.0,1.0,40,32,8,71.27,82.0,73.56,99.64,-12.14,88.51,4.0,NETWORK_DOMAIN,OUTAGE,0.7913,True,,,False,2026-09-24T22:45:49.164199+05:30,UNKNOWN,False,,,,,,,,,,,False,
122,742166df-c82d-472f-8004-aeac21fd0ef2,CELL,GX-CELL-001,POPULATION_CORRELATION,,,0.8,NO_MODEL_SPECIFIC_PATTERN,STRONG,0.0,0.0,0.0,1.0,1.0,1.0,0.0,1.0,40,32,8,41.38,82.0,49.42,52.75,-7.23,88.14,4.0,NETWORK_DOMAIN,OUTAGE,0.7913,True,,,False,2026-09-24T22:47:58.785358+05:30,UNKNOWN,False,,,,,,,,,,,False,
123,3ae336d2-4fba-4d15-ad78-47da048f0932,CELL,GX-CELL-001,POPULATION_CORRELATION,,,0.8,NO_MODEL_SPECIFIC_PATTERN,STRONG,0.0,0.0,0.0,1.0,1.0,1.0,0.0,1.0,40,32,8,45.98,79.33,51.72,58.21,-8.05,89.36,4.0,NETWORK_DOMAIN,OUTAGE,0.7913,True,,,False,2026-09-24T22:48:54.453107+05:30,UNKNOWN,False,,,,,,,,,,,False,
124,7b3d4b51-5c5c-4110-84a3-9c03854d952a,CELL,GX-CELL-001,POPULATION_CORRELATION,,,0.8,NO_MODEL_SPECIFIC_PATTERN,STRONG,0.0,1.0,0.0,0.0,1.0,1.0,0.0,1.0,40,32,8,40.23,82.0,43.68,56.36,-7.71,88.79,4.0,PROPAGATION_DOMAIN,TERRAIN_PROPAGATION_LIKELY,0.6904,True,,,False,2026-09-24T22:52:17.463270+05:30,UNKNOWN,False,,,,,,,,,,,False,
125,6982d592-4eb1-484c-b003-4f459c5ad26c,CELL,GX-CELL-001,POPULATION_CORRELATION,,,0.8,NO_MODEL_SPECIFIC_PATTERN,STRONG,0.0,1.0,0.0,0.0,1.0,1.0,0.0,1.0,40,32,8,47.13,82.0,54.02,66.5,-6.86,87.41,4.0,PROPAGATION_DOMAIN,TERRAIN_PROPAGATION_LIKELY,0.6904,True,,,False,2026-09-24T22:52:55.019370+05:30,UNKNOWN,False,,,,,,,,,,,False,
126,2e1abf1f-b0a1-47e5-a1a4-19934d5120c6,CELL,GX-CELL-001,POPULATION_CORRELATION,,,0.8,NO_MODEL_SPECIFIC_PATTERN,STRONG,0.0,1.0,0.0,0.0,1.0,1.0,0.0,1.0,40,32,8,43.68,80.67,48.27,52.56,-8.09,88.7,4.0,PROPAGATION_DOMAIN,TERRAIN_PROPAGATION_LIKELY,0.6904,True,,,False,2026-09-24T22:53:34.879605+05:30,UNKNOWN,False,,,,,,,,,,,False,
127,bb936744-3d20-4b2a-91f2-917dc6cacb24,CELL,GX-CELL-001,POPULATION_CORRELATION,,,0.8,NO_MODEL_SPECIFIC_PATTERN,STRONG,0.0,1.0,0.0,0.0,1.0,1.0,0.0,1.0,40,32,8,39.08,82.0,47.12,59.41,-6.09,87.76,4.0,PROPAGATION_DOMAIN,TERRAIN_PROPAGATION_LIKELY,0.6904,True,,,False,2026-09-24T22:55:11.697573+05:30,UNKNOWN,False,,,,,,,,,,,False,
128,93d71f34-4186-4531-9c53-3f704bdedd59,CELL,GX-CELL-001,POPULATION_CORRELATION,,,0.8,NO_MODEL_SPECIFIC_PATTERN,STRONG,0.0,1.0,0.0,0.0,1.0,0.6667,0.0,1.0,40,32,8,80.46,80.67,82.76,92.84,-11.0,59.39,4.0,PROPAGATION_DOMAIN,TERRAIN_PROPAGATION_LIKELY,0.6904,True,,,False,2026-09-24T22:57:57.601054+05:30,UNKNOWN,False,,,,,,,,,,,False,
129,1497ca32-8dcf-4b37-a7bd-da67dea58314,CELL,GX-CELL-001,POPULATION_CORRELATION,,,0.8,NO_MODEL_SPECIFIC_PATTERN,STRONG,0.0,1.0,0.0,0.0,1.0,1.0,0.0,1.0,40,32,8,34.48,79.33,41.38,47.12,-4.85,89.57,4.0,PROPAGATION_DOMAIN,TERRAIN_PROPAGATION_LIKELY,0.6904,True,,,False,2026-09-24T23:01:05.498717+05:30,UNKNOWN,False,,,,,,,,,,,False,
130,d979e715-25a0-423a-92cc-c04e7762d606,CELL,GX-CELL-001,POPULATION_CORRELATION,,,0.8,NO_MODEL_SPECIFIC_PATTERN,STRONG,0.0,1.0,0.0,0.0,1.0,1.0,0.0,1.0,40,32,8,40.23,82.0,43.68,63.65,-7.06,87.62,4.0,PROPAGATION_DOMAIN,TERRAIN_PROPAGATION_LIKELY,0.6904,True,,,False,2026-09-24T23:01:20.336506+05:30,UNKNOWN,False,,,,,,,,,,,False,
131,a44c8b11-f743-4281-a4ba-61e1ecd1d8a3,CELL,GX-CELL-001,POPULATION_CORRELATION,,,0.8,NO_MODEL_SPECIFIC_PATTERN,STRONG,0.0,1.0,0.0,0.0,1.0,1.0,0.0,1.0,40,32,8,41.38,82.0,47.12,54.16,-10.07,88.87,4.0,PROPAGATION_DOMAIN,TERRAIN_PROPAGATION_LIKELY,0.6904,True,,,False,2026-09-24T23:01:47.003387+05:30,UNKNOWN,False,,,,,,,,,,,False,
132,aedfcaa5-8812-4c18-a002-13dceb6b81c1,CELL,GX-CELL-001,POPULATION_CORRELATION,,,0.8,NO_MODEL_SPECIFIC_PATTERN,STRONG,0.0,1.0,0.0,0.0,1.0,1.0,0.0,1.0,40,32,8,62.07,82.0,68.97,87.53,-12.23,90.82,0.0,PROPAGATION_DOMAIN,COVERAGE_OR_PROPAGATION,0.7268,True,,,False,2026-09-24T23:02:18.030121+05:30,UNKNOWN,False,,,,,,,,,,,False,
133,fc756de0-4f4d-483a-a8f6-3e0179bfb964,CELL,GX-CELL-001,POPULATION_CORRELATION,,,0.6,NO_MODEL_SPECIFIC_PATTERN,STRONG,1.0,0.0,0.0,0.0,0.0,0.0,0.0,0.0,40,24,16,,,,,,,,NETWORK_DOMAIN,CONGESTION_OR_BACKHAUL,0.7671,True,,,False,2026-09-24T23:28:09.750012+05:30,UNKNOWN,False,,,,,,,,,,,False,
134,832fe582-2047-47ad-bb48-56a6baf794a4,CELL,GX-CELL-001,POPULATION_CORRELATION,,,0.9,NO_MODEL_SPECIFIC_PATTERN,STRONG,1.0,0.0,0.0,0.0,0.0,0.0,0.0,0.0,40,36,4,,,,,,,,NETWORK_DOMAIN,CONGESTION_OR_BACKHAUL,0.7671,True,,,False,2026-09-24T23:29:00.614237+05:30,UNKNOWN,False,,,,,,,,,,,False,
135,3fe4247f-53d6-4d2b-92e0-c1412d4c2756,CELL,GX-CELL-001,POPULATION_CORRELATION,,,0.6,NO_MODEL_SPECIFIC_PATTERN,STRONG,0.0,1.0,0.0,0.0,0.0,0.0,0.0,0.0,40,24,16,,,,,,,,PROPAGATION_DOMAIN,COVERAGE_OR_PROPAGATION,0.7268,True,,,False,2026-09-24T23:33:36.142062+05:30,UNKNOWN,False,,,,,,,,,,,False,
136,42b0e92a-a609-40ff-af94-84d4baea871b,CELL,GX-CELL-001,POPULATION_CORRELATION,,,0.6,NO_MODEL_SPECIFIC_PATTERN,STRONG,0.0,1.0,0.0,0.0,0.0,0.0,0.0,0.0,40,24,16,,,,,,,,PROPAGATION_DOMAIN,COVERAGE_OR_PROPAGATION,0.7268,True,,,False,2026-09-24T23:34:03.045619+05:30,UNKNOWN,False,,,,,,,,,,,False,
137,2188fcad-da52-4236-80ea-553e8549c4f4,CELL,GX-CELL-001,POPULATION_CORRELATION,,,0.9,NO_MODEL_SPECIFIC_PATTERN,STRONG,0.0,1.0,0.0,0.0,0.0,0.0,0.0,0.0,40,36,4,,,,,,,,PROPAGATION_DOMAIN,COVERAGE_OR_PROPAGATION,0.7268,True,,,False,2026-09-24T23:36:36.442713+05:30,UNKNOWN,False,,,,,,,,,,,False,
138,acf7ae1a-bec3-4f43-a706-b983b1c613b6,CELL,GX-CELL-001,POPULATION_CORRELATION,,,0.9,NO_MODEL_SPECIFIC_PATTERN,STRONG,0.0,1.0,0.0,0.0,0.0,0.0,0.0,0.0,40,36,4,,,,,,,,PROPAGATION_DOMAIN,COVERAGE_OR_PROPAGATION,0.7268,True,,,False,2026-09-24T23:52:50.371642+05:30,UNKNOWN,False,,,,,,,,,,,False,
140,e4c58c6b-881a-44f8-81a8-b7702525ffa9,CELL,GX-CELL-001,POPULATION_CORRELATION,,,0.9,NO_MODEL_SPECIFIC_PATTERN,STRONG,0.0,1.0,0.0,0.0,0.0,0.0,0.0,0.0,40,36,4,,,,,,,,PROPAGATION_DOMAIN,COVERAGE_OR_PROPAGATION,0.7268,True,,,False,2026-09-25T01:15:38.636465+05:30,UNKNOWN,False,,,,,,,,,,,False,
141,9d05cb4a-4fe0-4d5d-8353-edb35eb644a1,CELL,GX-CELL-001,POPULATION_CORRELATION,,,0.9,NO_MODEL_SPECIFIC_PATTERN,STRONG,0.0,1.0,0.0,0.0,0.0,0.0,0.0,0.0,40,36,4,,,,,,,,PROPAGATION_DOMAIN,COVERAGE_OR_PROPAGATION,0.7268,True,,,False,2026-09-25T01:32:11.358668+05:30,UNKNOWN,False,,,,,,,,,,,False,
142,49c2558f-bd08-4287-b097-a9a318c92c5d,CELL,GX-CELL-001,POPULATION_CORRELATION,,,0.9,NO_MODEL_SPECIFIC_PATTERN,STRONG,0.0,1.0,0.0,0.0,1.0,0.0,0.0,1.0,40,36,4,42.53,78.0,48.27,51.25,-5.38,0.0,10.0,PROPAGATION_DOMAIN,TERRAIN_PROPAGATION_LIKELY,0.6904,True,,,False,2026-09-25T01:35:54.089706+05:30,UNKNOWN,False,,,,,,,,,,,False,
143,5f1c391c-7ff7-4960-97bc-41b952c64c52,CELL,GX-CELL-001,POPULATION_CORRELATION,,,0.6,NO_MODEL_SPECIFIC_PATTERN,STRONG,0.0,1.0,0.0,0.0,1.0,0.0,0.0,0.0,40,24,16,35.0,72.0,40.0,42.0,-4.2,0.0,10.0,PROPAGATION_DOMAIN,TERRAIN_PROPAGATION_LIKELY,0.6904,True,,,False,2026-09-25T01:41:45.247907+05:30,UNKNOWN,False,,,,,,,,,,,False,
144,dc1fc9e8-4690-4ae9-8f66-4b468f30f58d,CELL,GX-CELL-001,POPULATION_CORRELATION,,,0.8,NO_MODEL_SPECIFIC_PATTERN,STRONG,0.0,1.0,0.0,0.0,1.0,0.0,0.0,0.0,40,32,8,42.53,78.0,48.27,51.25,-5.38,0.0,10.0,PROPAGATION_DOMAIN,TERRAIN_PROPAGATION_LIKELY,0.6904,True,,,False,2026-09-25T01:43:02.366711+05:30,UNKNOWN,False,,,,,,,,,,,False,
145,76d44dd2-9ea9-4d70-8aa2-b3fcd2a05408,CELL,GX-CELL-001,POPULATION_CORRELATION,,,0.9,NO_MODEL_SPECIFIC_PATTERN,STRONG,0.0,1.0,0.0,0.0,1.0,0.0,0.0,0.0,40,36,4,47.12,82.0,54.02,67.01,-6.97,0.0,10.0,PROPAGATION_DOMAIN,TERRAIN_PROPAGATION_LIKELY,0.6904,True,,,False,2026-09-25T01:43:07.818115+05:30,UNKNOWN,False,,,,,,,,,,,False,
148,9f4d5554-d940-44ff-9889-70597840f4ad,CELL,GX-CELL-001,POPULATION_CORRELATION,,,0.225,DEVICE_MODEL_SPECIFIC_PATTERN,STRONG,0.0,0.0,1.0,0.0,0.0,0.0,0.0,0.0,40,9,31,,,,,,,,DEVICE_DOMAIN,DEVICE_MODEL_OR_FIRMWARE,0.706,True,,,False,2026-09-25T02:21:37.471509+05:30,UNKNOWN,False,,,,,,,,,,,False,
149,09ebf88c-39fe-4ade-a70e-53b97083d165,CELL,GX-CELL-001,POPULATION_CORRELATION,,,0.275,DEVICE_MODEL_SPECIFIC_PATTERN,STRONG,0.0,0.0,1.0,0.0,0.0,0.0,0.0,0.0,40,11,29,,,,,,,,DEVICE_DOMAIN,DEVICE_MODEL_OR_FIRMWARE,0.8377,True,,,False,2026-09-25T02:23:59.413361+05:30,UNKNOWN,False,,,,,,,,,,,False,
150,40f54004-a6b7-4347-81ec-73f5f507f802,CELL,GX-CELL-001,POPULATION_CORRELATION,,,0.3,DEVICE_MODEL_SPECIFIC_PATTERN,STRONG,0.0,0.0,1.0,0.0,0.0,0.0,0.0,0.0,40,12,28,,,,,,,,DEVICE_DOMAIN,DEVICE_MODEL_OR_FIRMWARE,0.882,True,,,False,2026-09-25T02:24:27.861563+05:30,UNKNOWN,False,,,,,,,,,,,False,
151,0d6602c3-e559-4468-a6a3-6892d720277b,CELL,GX-CELL-001,POPULATION_CORRELATION,,,0.6,NO_MODEL_SPECIFIC_PATTERN,STRONG,0.0,0.0,1.0,0.0,0.0,0.0,0.0,0.0,40,24,16,,,,,,,,NETWORK_DOMAIN,INTERFERENCE,0.7268,True,,,False,2026-09-25T02:33:47.468243+05:30,UNKNOWN,False,,,,,,,,,,,False,
152,119b9da8-c0a2-4429-8c67-dfcb6f0f1eed,CELL,GX-CELL-001,POPULATION_CORRELATION,,,0.8,NO_MODEL_SPECIFIC_PATTERN,STRONG,0.0,0.0,1.0,0.0,0.0,0.0,0.0,0.0,40,32,8,,,,,,,,NETWORK_DOMAIN,INTERFERENCE,0.7268,True,,,False,2026-09-25T02:35:36.099513+05:30,UNKNOWN,False,,,,,,,,,,,False,
153,67e0bb51-f769-4834-b040-e68c332fb35a,CELL,GX-CELL-001,POPULATION_CORRELATION,,,0.9,NO_MODEL_SPECIFIC_PATTERN,STRONG,0.0,0.0,1.0,0.0,0.0,0.0,0.0,0.0,40,36,4,,,,,,,,NETWORK_DOMAIN,INTERFERENCE,0.7268,True,,,False,2026-09-25T02:36:03.121002+05:30,UNKNOWN,False,,,,,,,,,,,False,
154,f5124c16-0f30-4421-988a-d0a28763f993,CELL,GX-CELL-001,POPULATION_CORRELATION,,,0.6,NO_MODEL_SPECIFIC_PATTERN,STRONG,0.0,0.0,0.0,1.0,0.0,0.0,0.0,0.0,40,24,16,,,,,,,,NETWORK_DOMAIN,OUTAGE,0.7913,True,,,False,2026-09-25T02:41:27.567235+05:30,UNKNOWN,False,,,,,,,,,,,False,
155,89cbfc8b-563e-4885-bfea-7a64dc3e676f,CELL,GX-CELL-001,POPULATION_CORRELATION,,,0.8,NO_MODEL_SPECIFIC_PATTERN,STRONG,0.0,0.0,0.0,1.0,0.0,0.0,0.0,0.0,40,32,8,,,,,,,,NETWORK_DOMAIN,OUTAGE,0.7913,True,,,False,2026-09-25T02:43:13.546738+05:30,UNKNOWN,False,,,,,,,,,,,False,
156,672ddf1d-185e-4040-b55c-cc39a12bebd1,CELL,GX-CELL-001,POPULATION_CORRELATION,,,0.9,NO_MODEL_SPECIFIC_PATTERN,STRONG,0.0,0.0,0.0,1.0,0.0,0.0,0.0,0.0,40,36,4,,,,,,,,NETWORK_DOMAIN,OUTAGE,0.7913,True,,,False,2026-09-25T02:43:40.031799+05:30,UNKNOWN,False,,,,,,,,,,,False,
157,f4716bfa-7422-435f-a0d3-1136a52470bb,CELL,GX-CELL-001,POPULATION_CORRELATION,,,0.6,NO_MODEL_SPECIFIC_PATTERN,STRONG,0.0,1.0,0.0,0.0,0.0,0.0,0.0,0.0,40,24,16,0.0,20.0,0.0,0.0,1.5,0.0,10.0,PROPAGATION_DOMAIN,COVERAGE_OR_PROPAGATION,0.7268,True,,,False,2026-09-25T07:38:45.905923+05:30,UNKNOWN,False,,,,,,,,,,,False,
158,6af35013-abce-42c4-9ab8-101ef3800e3b,CELL,GX-CELL-001,POPULATION_CORRELATION,,,0.6,NO_MODEL_SPECIFIC_PATTERN,STRONG,0.0,1.0,0.0,0.0,1.0,0.0,0.0,0.0,40,24,16,35.0,72.0,40.0,42.0,-4.2,0.0,10.0,PROPAGATION_DOMAIN,TERRAIN_PROPAGATION_LIKELY,0.6904,True,,,False,2026-09-25T07:40:58.996853+05:30,UNKNOWN,False,,,,,,,,,,,False,
159,253d066f-a3f7-439b-847d-5eb619799846,CELL,GX-CELL-001,POPULATION_CORRELATION,,,0.6,NO_MODEL_SPECIFIC_PATTERN,STRONG,0.0,1.0,0.0,0.0,0.0,0.0,0.0,0.0,40,24,16,0.0,20.0,0.0,0.0,1.5,0.0,10.0,PROPAGATION_DOMAIN,COVERAGE_OR_PROPAGATION,0.7268,True,,,False,2026-09-25T07:50:00.177246+05:30,UNKNOWN,False,,,,,,,,,,,False,
160,6375fac2-ee07-46b3-9fba-e156435f1b13,CELL,GX-CELL-001,POPULATION_CORRELATION,,,0.6,NO_MODEL_SPECIFIC_PATTERN,STRONG,0.0,1.0,0.0,0.0,1.0,0.0,0.0,0.0,40,24,16,35.0,72.0,40.0,42.0,-4.2,0.0,10.0,PROPAGATION_DOMAIN,TERRAIN_PROPAGATION_LIKELY,0.6904,True,,,False,2026-09-25T07:50:16.408005+05:30,UNKNOWN,False,,,,,,,,,,,False,
161,dfdb553a-f443-49de-a76d-c52882f64683,CELL,GX-CELL-001,POPULATION_CORRELATION,,,0.6,NO_MODEL_SPECIFIC_PATTERN,STRONG,1.0,0.0,0.0,0.0,1.0,1.0,0.0,1.0,40,24,16,42.53,82.0,45.98,64.87,-6.73,87.76,5.67,NETWORK_DOMAIN,CONGESTION_OR_BACKHAUL,0.7671,True,,,True,2026-09-25T07:55:17.566396+05:30,SYNTHETIC,True,SYNTHETIC_MANIFEST,network,9a0a10e9-b429-4bd2-96bd-0f2028e3a788,network:mild:NA:NA,1100000,NETWORK_DOMAIN,CONGESTION_OR_BACKHAUL,NETWORK_DOMAIN,CONGESTION_OR_BACKHAUL,True,False,network:mild:NA:NA
162,3340d1a1-b052-4a20-939e-0e6c9d868b3a,CELL,GX-CELL-001,POPULATION_CORRELATION,,,0.6,NO_MODEL_SPECIFIC_PATTERN,STRONG,1.0,0.0,0.0,0.0,1.0,1.0,0.0,1.0,40,24,16,51.72,80.67,56.32,73.9,-7.84,89.57,4.83,NETWORK_DOMAIN,CONGESTION_OR_BACKHAUL,0.7671,True,,,True,2026-09-25T07:56:38.321459+05:30,SYNTHETIC,True,SYNTHETIC_MANIFEST,network,9a0a10e9-b429-4bd2-96bd-0f2028e3a788,network:mild:NA:NA,1100001,NETWORK_DOMAIN,CONGESTION_OR_BACKHAUL,NETWORK_DOMAIN,CONGESTION_OR_BACKHAUL,True,False,network:mild:NA:NA
163,9801e50c-b2d3-4575-bd44-514128c309d2,CELL,GX-CELL-001,POPULATION_CORRELATION,,,0.6,NO_MODEL_SPECIFIC_PATTERN,STRONG,1.0,0.0,0.0,0.0,1.0,1.0,0.0,1.0,40,24,16,56.32,80.67,62.07,67.8,-7.08,88.84,4.83,NETWORK_DOMAIN,CONGESTION_OR_BACKHAUL,0.7671,True,,,True,2026-09-25T07:57:47.372039+05:30,SYNTHETIC,True,SYNTHETIC_MANIFEST,network,9a0a10e9-b429-4bd2-96bd-0f2028e3a788,network:mild:NA:NA,1100002,NETWORK_DOMAIN,CONGESTION_OR_BACKHAUL,NETWORK_DOMAIN,CONGESTION_OR_BACKHAUL,True,False,network:mild:NA:NA
164,94d23032-1060-4a7d-b0d2-bd436e435a8d,CELL,GX-CELL-001,POPULATION_CORRELATION,,,0.6,NO_MODEL_SPECIFIC_PATTERN,STRONG,1.0,0.0,0.0,0.0,1.0,1.0,0.0,1.0,40,24,16,41.38,80.67,49.42,50.65,-5.26,88.7,4.83,NETWORK_DOMAIN,CONGESTION_OR_BACKHAUL,0.7671,True,,,True,2026-09-25T07:59:36.852486+05:30,SYNTHETIC,True,SYNTHETIC_MANIFEST,network,9a0a10e9-b429-4bd2-96bd-0f2028e3a788,network:mild:NA:NA,1100003,NETWORK_DOMAIN,CONGESTION_OR_BACKHAUL,NETWORK_DOMAIN,CONGESTION_OR_BACKHAUL,True,False,network:mild:NA:NA
165,687cbe3c-a883-42af-bda1-d2d72943985f,CELL,GX-CELL-001,POPULATION_CORRELATION,,,0.6,NO_MODEL_SPECIFIC_PATTERN,STRONG,1.0,0.0,0.0,0.0,1.0,1.0,0.0,1.0,40,24,16,37.93,80.67,45.98,58.64,-5.98,87.97,5.67,NETWORK_DOMAIN,CONGESTION_OR_BACKHAUL,0.7671,True,,,True,2026-09-25T08:00:52.105759+05:30,SYNTHETIC,True,SYNTHETIC_MANIFEST,network,9a0a10e9-b429-4bd2-96bd-0f2028e3a788,network:mild:NA:NA,1100004,NETWORK_DOMAIN,CONGESTION_OR_BACKHAUL,NETWORK_DOMAIN,CONGESTION_OR_BACKHAUL,True,False,network:mild:NA:NA
166,926b8967-67d7-46f6-a2e1-57bb037f8e53,CELL,GX-CELL-001,POPULATION_CORRELATION,,,0.6,NO_MODEL_SPECIFIC_PATTERN,STRONG,1.0,0.0,0.0,0.0,1.0,1.0,0.0,1.0,40,24,16,57.47,82.0,62.07,74.82,-9.54,87.92,4.83,NETWORK_DOMAIN,CONGESTION_OR_BACKHAUL,0.7671,True,,,True,2026-09-25T08:02:35.429664+05:30,SYNTHETIC,True,SYNTHETIC_MANIFEST,network,9a0a10e9-b429-4bd2-96bd-0f2028e3a788,network:mild:NA:NA,1100005,NETWORK_DOMAIN,CONGESTION_OR_BACKHAUL,NETWORK_DOMAIN,CONGESTION_OR_BACKHAUL,True,False,network:mild:NA:NA
167,58aa3d18-7507-4ba9-ac26-43843ecae600,CELL,GX-CELL-001,POPULATION_CORRELATION,,,0.6,NO_MODEL_SPECIFIC_PATTERN,STRONG,1.0,0.0,0.0,0.0,1.0,1.0,0.0,1.0,40,24,16,41.38,80.67,49.43,59.33,-6.19,88.7,4.0,NETWORK_DOMAIN,CONGESTION_OR_BACKHAUL,0.7671,True,,,True,2026-09-25T08:03:11.169588+05:30,SYNTHETIC,True,SYNTHETIC_MANIFEST,network,9a0a10e9-b429-4bd2-96bd-0f2028e3a788,network:mild:NA:NA,1100006,NETWORK_DOMAIN,CONGESTION_OR_BACKHAUL,NETWORK_DOMAIN,CONGESTION_OR_BACKHAUL,True,False,network:mild:NA:NA
168,c0f070ea-b513-4106-8694-57ca590a5f10,CELL,GX-CELL-001,POPULATION_CORRELATION,,,0.6,NO_MODEL_SPECIFIC_PATTERN,STRONG,1.0,0.0,0.0,0.0,1.0,1.0,0.0,1.0,40,24,16,45.98,80.67,51.72,66.38,-7.49,87.97,4.83,NETWORK_DOMAIN,CONGESTION_OR_BACKHAUL,0.7671,True,,,True,2026-09-25T08:04:17.463372+05:30,SYNTHETIC,True,SYNTHETIC_MANIFEST,network,9a0a10e9-b429-4bd2-96bd-0f2028e3a788,network:mild:NA:NA,1100007,NETWORK_DOMAIN,CONGESTION_OR_BACKHAUL,NETWORK_DOMAIN,CONGESTION_OR_BACKHAUL,True,False,network:mild:NA:NA
169,d5b7021e-7dda-4e6e-bcb9-95ab1eaf024f,CELL,GX-CELL-001,POPULATION_CORRELATION,,,0.8,NO_MODEL_SPECIFIC_PATTERN,STRONG,1.0,0.0,0.0,0.0,1.0,1.0,0.0,0.3333,40,32,8,49.43,79.33,56.32,67.7,-7.26,89.57,4.0,NETWORK_DOMAIN,CONGESTION_OR_BACKHAUL,0.7671,True,,,True,2026-09-25T08:04:52.930281+05:30,SYNTHETIC,True,SYNTHETIC_MANIFEST,network,323c384d-5753-4524-81dc-d88f951f5154,network:moderate:NA:NA,1101000,NETWORK_DOMAIN,CONGESTION_OR_BACKHAUL,NETWORK_DOMAIN,CONGESTION_OR_BACKHAUL,True,False,network:moderate:NA:NA
170,472c9731-7461-4450-a5b0-198135ef73fa,CELL,GX-CELL-001,POPULATION_CORRELATION,,,0.8,NO_MODEL_SPECIFIC_PATTERN,STRONG,1.0,0.0,0.0,0.0,1.0,1.0,0.0,0.3333,40,32,8,48.28,80.67,50.57,59.02,-6.14,87.76,4.83,NETWORK_DOMAIN,CONGESTION_OR_BACKHAUL,0.7671,True,,,True,2026-09-25T08:05:29.187155+05:30,SYNTHETIC,True,SYNTHETIC_MANIFEST,network,323c384d-5753-4524-81dc-d88f951f5154,network:moderate:NA:NA,1101001,NETWORK_DOMAIN,CONGESTION_OR_BACKHAUL,NETWORK_DOMAIN,CONGESTION_OR_BACKHAUL,True,False,network:moderate:NA:NA
171,1a1e3a98-9785-4a04-aab4-af3425ca2441,CELL,GX-CELL-001,POPULATION_CORRELATION,,,0.8,NO_MODEL_SPECIFIC_PATTERN,STRONG,1.0,0.0,0.0,0.0,1.0,1.0,0.0,0.3333,40,32,8,58.62,79.33,64.37,68.49,-8.03,88.7,4.0,NETWORK_DOMAIN,CONGESTION_OR_BACKHAUL,0.7671,True,,,True,2026-09-25T08:06:28.887863+05:30,SYNTHETIC,True,SYNTHETIC_MANIFEST,network,323c384d-5753-4524-81dc-d88f951f5154,network:moderate:NA:NA,1101002,NETWORK_DOMAIN,CONGESTION_OR_BACKHAUL,NETWORK_DOMAIN,CONGESTION_OR_BACKHAUL,True,False,network:moderate:NA:NA
172,a1b1cef9-4bfe-4f3a-a8e4-c099d5d15f1f,CELL,GX-CELL-001,POPULATION_CORRELATION,,,0.8,NO_MODEL_SPECIFIC_PATTERN,STRONG,1.0,0.0,0.0,0.0,1.0,1.0,0.0,0.3333,40,32,8,71.27,79.33,72.42,81.53,-9.39,89.7,4.0,NETWORK_DOMAIN,CONGESTION_OR_BACKHAUL,0.7671,True,,,True,2026-09-25T08:07:05.068809+05:30,SYNTHETIC,True,SYNTHETIC_MANIFEST,network,323c384d-5753-4524-81dc-d88f951f5154,network:moderate:NA:NA,1101003,NETWORK_DOMAIN,CONGESTION_OR_BACKHAUL,NETWORK_DOMAIN,CONGESTION_OR_BACKHAUL,True,False,network:moderate:NA:NA
173,22f121d9-7f72-409d-b43a-e5e8375f5596,CELL,GX-CELL-001,POPULATION_CORRELATION,,,0.8,NO_MODEL_SPECIFIC_PATTERN,STRONG,1.0,0.0,0.0,0.0,1.0,1.0,0.0,0.3333,40,32,8,58.62,80.67,64.37,71.13,-7.47,88.7,4.83,NETWORK_DOMAIN,CONGESTION_OR_BACKHAUL,0.7671,True,,,True,2026-09-25T08:07:19.257984+05:30,SYNTHETIC,True,SYNTHETIC_MANIFEST,network,323c384d-5753-4524-81dc-d88f951f5154,network:moderate:NA:NA,1101004,NETWORK_DOMAIN,CONGESTION_OR_BACKHAUL,NETWORK_DOMAIN,CONGESTION_OR_BACKHAUL,True,False,network:moderate:NA:NA
174,e81fc2c7-f70d-4ee6-8f93-ceae549068df,CELL,GX-CELL-001,POPULATION_CORRELATION,,,0.8,NO_MODEL_SPECIFIC_PATTERN,STRONG,1.0,0.0,0.0,0.0,1.0,1.0,0.0,0.3333,40,32,8,63.22,82.0,66.67,69.5,-8.23,89.57,4.83,NETWORK_DOMAIN,CONGESTION_OR_BACKHAUL,0.7671,True,,,True,2026-09-25T08:08:49.909023+05:30,SYNTHETIC,True,SYNTHETIC_MANIFEST,network,323c384d-5753-4524-81dc-d88f951f5154,network:moderate:NA:NA,1101005,NETWORK_DOMAIN,CONGESTION_OR_BACKHAUL,NETWORK_DOMAIN,CONGESTION_OR_BACKHAUL,True,False,network:moderate:NA:NA
175,b7eda7e0-a3ae-4793-b335-3598d24b5f37,CELL,GX-CELL-001,POPULATION_CORRELATION,,,0.8,NO_MODEL_SPECIFIC_PATTERN,STRONG,1.0,0.0,0.0,0.0,1.0,1.0,0.0,0.3333,40,32,8,60.92,80.67,65.52,69.82,-7.32,88.18,4.0,NETWORK_DOMAIN,CONGESTION_OR_BACKHAUL,0.7671,True,,,True,2026-09-25T08:09:20.244113+05:30,SYNTHETIC,True,SYNTHETIC_MANIFEST,network,323c384d-5753-4524-81dc-d88f951f5154,network:moderate:NA:NA,1101006,NETWORK_DOMAIN,CONGESTION_OR_BACKHAUL,NETWORK_DOMAIN,CONGESTION_OR_BACKHAUL,True,False,network:moderate:NA:NA
176,2e2a3fe0-4450-48e6-b5cf-4dced04b9534,CELL,GX-CELL-001,POPULATION_CORRELATION,,,0.8,NO_MODEL_SPECIFIC_PATTERN,STRONG,1.0,0.0,0.0,0.0,1.0,1.0,0.0,0.3333,40,32,8,45.97,80.67,51.72,58.31,-6.97,88.84,6.5,NETWORK_DOMAIN,CONGESTION_OR_BACKHAUL,0.7671,True,,,True,2026-09-25T08:10:47.487892+05:30,SYNTHETIC,True,SYNTHETIC_MANIFEST,network,323c384d-5753-4524-81dc-d88f951f5154,network:moderate:NA:NA,1101007,NETWORK_DOMAIN,CONGESTION_OR_BACKHAUL,NETWORK_DOMAIN,CONGESTION_OR_BACKHAUL,True,False,network:moderate:NA:NA
177,9e45b191-4c69-473f-9bd2-948dfad83c5f,CELL,GX-CELL-001,POPULATION_CORRELATION,,,0.9,NO_MODEL_SPECIFIC_PATTERN,STRONG,1.0,0.0,0.0,0.0,1.0,1.0,0.0,0.6667,40,36,4,67.82,82.0,72.41,79.79,-9.94,89.22,4.0,NETWORK_DOMAIN,CONGESTION_OR_BACKHAUL,0.7671,True,,,True,2026-09-25T08:10:59.388128+05:30,SYNTHETIC,True,SYNTHETIC_MANIFEST,network,32014065-c453-4f30-8145-cbd6d7832a38,network:severe:NA:NA,1102000,NETWORK_DOMAIN,CONGESTION_OR_BACKHAUL,NETWORK_DOMAIN,CONGESTION_OR_BACKHAUL,True,False,network:severe:NA:NA
178,403d4cdb-090e-43ec-94e2-f73e9a3de67d,CELL,GX-CELL-001,POPULATION_CORRELATION,,,0.9,NO_MODEL_SPECIFIC_PATTERN,STRONG,1.0,0.0,0.0,0.0,1.0,1.0,0.0,0.6667,40,36,4,66.67,80.67,74.71,91.45,-10.45,88.7,4.0,NETWORK_DOMAIN,CONGESTION_OR_BACKHAUL,0.7671,True,,,True,2026-09-25T08:11:34.211882+05:30,SYNTHETIC,True,SYNTHETIC_MANIFEST,network,32014065-c453-4f30-8145-cbd6d7832a38,network:severe:NA:NA,1102001,NETWORK_DOMAIN,CONGESTION_OR_BACKHAUL,NETWORK_DOMAIN,CONGESTION_OR_BACKHAUL,True,False,network:severe:NA:NA
179,d1886416-4482-4d50-9e8b-669fdfd13bd6,CELL,GX-CELL-001,POPULATION_CORRELATION,,,0.9,NO_MODEL_SPECIFIC_PATTERN,STRONG,1.0,0.0,0.0,0.0,1.0,1.0,0.0,0.6667,40,36,4,35.63,82.0,42.53,54.73,-8.24,88.87,4.83,NETWORK_DOMAIN,CONGESTION_OR_BACKHAUL,0.7671,True,,,True,2026-09-25T08:12:16.696075+05:30,SYNTHETIC,True,SYNTHETIC_MANIFEST,network,32014065-c453-4f30-8145-cbd6d7832a38,network:severe:NA:NA,1102002,NETWORK_DOMAIN,CONGESTION_OR_BACKHAUL,NETWORK_DOMAIN,CONGESTION_OR_BACKHAUL,True,False,network:severe:NA:NA
180,5097366d-8429-40cd-a231-0b9c1bee1792,CELL,GX-CELL-001,POPULATION_CORRELATION,,,0.9,NO_MODEL_SPECIFIC_PATTERN,STRONG,1.0,0.0,0.0,0.0,1.0,1.0,0.0,0.6667,40,36,4,51.73,80.67,58.62,62.93,-7.21,88.28,4.83,NETWORK_DOMAIN,CONGESTION_OR_BACKHAUL,0.7671,True,,,True,2026-09-25T08:13:14.401018+05:30,SYNTHETIC,True,SYNTHETIC_MANIFEST,network,32014065-c453-4f30-8145-cbd6d7832a38,network:severe:NA:NA,1102003,NETWORK_DOMAIN,CONGESTION_OR_BACKHAUL,NETWORK_DOMAIN,CONGESTION_OR_BACKHAUL,True,False,network:severe:NA:NA
181,af698a64-997a-4076-b077-3e8ffa334f64,CELL,GX-CELL-001,POPULATION_CORRELATION,,,0.9,NO_MODEL_SPECIFIC_PATTERN,STRONG,1.0,0.0,0.0,0.0,1.0,1.0,0.0,0.6667,40,36,4,43.68,80.67,49.43,62.98,-9.54,88.66,4.83,NETWORK_DOMAIN,CONGESTION_OR_BACKHAUL,0.7671,True,,,True,2026-09-25T08:14:41.044888+05:30,SYNTHETIC,True,SYNTHETIC_MANIFEST,network,32014065-c453-4f30-8145-cbd6d7832a38,network:severe:NA:NA,1102004,NETWORK_DOMAIN,CONGESTION_OR_BACKHAUL,NETWORK_DOMAIN,CONGESTION_OR_BACKHAUL,True,False,network:severe:NA:NA
182,1a7ee67e-63ba-43b6-9531-6c31dd8d9157,CELL,GX-CELL-001,POPULATION_CORRELATION,,,0.9,NO_MODEL_SPECIFIC_PATTERN,STRONG,1.0,0.0,0.0,0.0,1.0,1.0,0.0,0.6667,40,36,4,39.08,80.67,45.98,59.16,-6.05,88.49,5.67,NETWORK_DOMAIN,CONGESTION_OR_BACKHAUL,0.7671,True,,,True,2026-09-25T08:14:53.449442+05:30,SYNTHETIC,True,SYNTHETIC_MANIFEST,network,32014065-c453-4f30-8145-cbd6d7832a38,network:severe:NA:NA,1102005,NETWORK_DOMAIN,CONGESTION_OR_BACKHAUL,NETWORK_DOMAIN,CONGESTION_OR_BACKHAUL,True,False,network:severe:NA:NA
183,f580d4e6-ed78-43c3-897e-6f1bcc8a0871,CELL,GX-CELL-001,POPULATION_CORRELATION,,,0.9,NO_MODEL_SPECIFIC_PATTERN,STRONG,1.0,0.0,0.0,0.0,1.0,1.0,0.0,1.0,40,36,4,37.93,80.67,43.68,56.88,-6.73,87.93,5.67,NETWORK_DOMAIN,CONGESTION_OR_BACKHAUL,0.7671,True,,,True,2026-09-25T08:16:00.350117+05:30,SYNTHETIC,True,SYNTHETIC_MANIFEST,network,32014065-c453-4f30-8145-cbd6d7832a38,network:severe:NA:NA,1102006,NETWORK_DOMAIN,CONGESTION_OR_BACKHAUL,NETWORK_DOMAIN,CONGESTION_OR_BACKHAUL,True,False,network:severe:NA:NA
184,006db65f-3cbd-4ee5-8d0a-16ca72c6aedc,CELL,GX-CELL-001,POPULATION_CORRELATION,,,0.9,NO_MODEL_SPECIFIC_PATTERN,STRONG,1.0,0.0,0.0,0.0,1.0,1.0,0.0,1.0,40,36,4,52.87,80.67,59.77,74.68,-11.57,89.22,4.0,NETWORK_DOMAIN,CONGESTION_OR_BACKHAUL,0.7671,True,,,True,2026-09-25T08:16:21.005643+05:30,SYNTHETIC,True,SYNTHETIC_MANIFEST,network,32014065-c453-4f30-8145-cbd6d7832a38,network:severe:NA:NA,1102007,NETWORK_DOMAIN,CONGESTION_OR_BACKHAUL,NETWORK_DOMAIN,CONGESTION_OR_BACKHAUL,True,False,network:severe:NA:NA
185,323dd1ff-246b-4d00-820b-47a874b4678e,CELL,GX-CELL-001,POPULATION_CORRELATION,,,0.6,NO_MODEL_SPECIFIC_PATTERN,STRONG,0.0,0.0,0.0,1.0,1.0,1.0,0.0,1.0,40,24,16,48.28,82.0,50.58,59.2,-7.02,88.14,4.83,NETWORK_DOMAIN,OUTAGE,0.7913,True,,,True,2026-09-25T08:18:03.086028+05:30,SYNTHETIC,True,SYNTHETIC_MANIFEST,outage,2744b27b-2e19-4258-a98a-3e0bc086213a,outage:mild:NA:NA,1340000,NETWORK_DOMAIN,OUTAGE,NETWORK_DOMAIN,OUTAGE,True,False,outage:mild:NA:NA
186,5821c4ce-0f3c-4a96-baad-2aceaa32da4b,CELL,GX-CELL-001,POPULATION_CORRELATION,,,0.6,NO_MODEL_SPECIFIC_PATTERN,STRONG,0.0,0.0,0.0,1.0,1.0,1.0,0.0,1.0,40,24,16,43.68,82.0,50.58,61.96,-7.16,88.87,4.83,NETWORK_DOMAIN,OUTAGE,0.7913,True,,,True,2026-09-25T08:18:13.999876+05:30,SYNTHETIC,True,SYNTHETIC_MANIFEST,outage,2744b27b-2e19-4258-a98a-3e0bc086213a,outage:mild:NA:NA,1340001,NETWORK_DOMAIN,OUTAGE,NETWORK_DOMAIN,OUTAGE,True,False,outage:mild:NA:NA
187,81378dc6-317d-4fa8-9075-2433bbfc1049,CELL,GX-CELL-001,POPULATION_CORRELATION,,,0.6,NO_MODEL_SPECIFIC_PATTERN,STRONG,0.0,0.0,0.0,1.0,1.0,1.0,0.0,1.0,40,24,16,35.63,79.33,40.23,57.34,-5.93,88.7,5.67,NETWORK_DOMAIN,OUTAGE,0.7913,True,,,True,2026-09-25T08:18:49.175364+05:30,SYNTHETIC,True,SYNTHETIC_MANIFEST,outage,2744b27b-2e19-4258-a98a-3e0bc086213a,outage:mild:NA:NA,1340002,NETWORK_DOMAIN,OUTAGE,NETWORK_DOMAIN,OUTAGE,True,False,outage:mild:NA:NA
188,dca24849-616e-4506-8682-eb489e92146a,CELL,GX-CELL-001,POPULATION_CORRELATION,,,0.6,NO_MODEL_SPECIFIC_PATTERN,STRONG,0.0,0.0,0.0,1.0,1.0,1.0,0.0,1.0,40,24,16,42.53,82.0,47.12,69.68,-8.41,87.93,4.83,NETWORK_DOMAIN,OUTAGE,0.7913,True,,,True,2026-09-25T08:19:24.706458+05:30,SYNTHETIC,True,SYNTHETIC_MANIFEST,outage,2744b27b-2e19-4258-a98a-3e0bc086213a,outage:mild:NA:NA,1340003,NETWORK_DOMAIN,OUTAGE,NETWORK_DOMAIN,OUTAGE,True,False,outage:mild:NA:NA
189,85c740ec-1069-4035-8d5b-87e56caab8b0,CELL,GX-CELL-001,POPULATION_CORRELATION,,,0.6,NO_MODEL_SPECIFIC_PATTERN,STRONG,0.0,0.0,0.0,1.0,1.0,1.0,0.0,1.0,40,24,16,60.92,80.67,68.96,80.96,-11.69,89.57,4.0,NETWORK_DOMAIN,OUTAGE,0.7913,True,,,True,2026-09-25T08:19:36.447063+05:30,SYNTHETIC,True,SYNTHETIC_MANIFEST,outage,2744b27b-2e19-4258-a98a-3e0bc086213a,outage:mild:NA:NA,1340004,NETWORK_DOMAIN,OUTAGE,NETWORK_DOMAIN,OUTAGE,True,False,outage:mild:NA:NA
190,83768496-0616-4436-bb95-6be0fe69e104,CELL,GX-CELL-001,POPULATION_CORRELATION,,,0.6,NO_MODEL_SPECIFIC_PATTERN,STRONG,0.0,0.0,0.0,1.0,1.0,1.0,0.0,1.0,40,24,16,68.97,82.0,73.56,90.13,-12.7,89.87,4.0,NETWORK_DOMAIN,OUTAGE,0.7913,True,,,True,2026-09-25T08:21:33.906792+05:30,SYNTHETIC,True,SYNTHETIC_MANIFEST,outage,2744b27b-2e19-4258-a98a-3e0bc086213a,outage:mild:NA:NA,1340005,NETWORK_DOMAIN,OUTAGE,NETWORK_DOMAIN,OUTAGE,True,False,outage:mild:NA:NA
191,427717e2-b604-4ffa-8391-4a7acecda8c3,CELL,GX-CELL-001,POPULATION_CORRELATION,,,0.6,NO_MODEL_SPECIFIC_PATTERN,STRONG,0.0,0.0,0.0,1.0,1.0,1.0,0.0,1.0,40,24,16,49.43,79.33,55.17,79.33,-9.09,89.57,4.83,NETWORK_DOMAIN,OUTAGE,0.7913,True,,,True,2026-09-25T08:21:47.244803+05:30,SYNTHETIC,True,SYNTHETIC_MANIFEST,outage,2744b27b-2e19-4258-a98a-3e0bc086213a,outage:mild:NA:NA,1340006,NETWORK_DOMAIN,OUTAGE,NETWORK_DOMAIN,OUTAGE,True,False,outage:mild:NA:NA
192,aaecf8e2-9810-4845-bc9e-052b5d10eb42,CELL,GX-CELL-001,POPULATION_CORRELATION,,,0.6,NO_MODEL_SPECIFIC_PATTERN,STRONG,0.0,0.0,0.0,1.0,1.0,1.0,0.0,1.0,40,24,16,58.62,79.33,63.22,76.52,-8.13,89.92,4.0,NETWORK_DOMAIN,OUTAGE,0.7913,True,,,True,2026-09-25T08:22:28.919185+05:30,SYNTHETIC,True,SYNTHETIC_MANIFEST,outage,2744b27b-2e19-4258-a98a-3e0bc086213a,outage:mild:NA:NA,1340007,NETWORK_DOMAIN,OUTAGE,NETWORK_DOMAIN,OUTAGE,True,False,outage:mild:NA:NA
193,2beaf595-163e-4fd4-9de6-9ee18a619cdf,CELL,GX-CELL-001,POPULATION_CORRELATION,,,0.8,NO_MODEL_SPECIFIC_PATTERN,STRONG,0.0,0.0,0.0,1.0,1.0,1.0,0.0,0.3333,40,32,8,47.13,82.0,51.72,64.67,-6.82,88.49,5.67,NETWORK_DOMAIN,OUTAGE,0.7913,True,,,True,2026-09-25T08:22:41.420617+05:30,SYNTHETIC,True,SYNTHETIC_MANIFEST,outage,b011f3a0-0eec-4ec1-b3d7-908581768633,outage:moderate:NA:NA,1341000,NETWORK_DOMAIN,OUTAGE,NETWORK_DOMAIN,OUTAGE,True,False,outage:moderate:NA:NA
194,1f4c2c0d-89da-4d47-a54b-75053e23ea79,CELL,GX-CELL-001,POPULATION_CORRELATION,,,0.8,NO_MODEL_SPECIFIC_PATTERN,STRONG,0.0,0.0,0.0,1.0,1.0,1.0,0.0,0.3333,40,32,8,41.38,80.67,49.42,65.69,-8.4,89.14,5.67,NETWORK_DOMAIN,OUTAGE,0.7913,True,,,True,2026-09-25T08:22:52.790840+05:30,SYNTHETIC,True,SYNTHETIC_MANIFEST,outage,b011f3a0-0eec-4ec1-b3d7-908581768633,outage:moderate:NA:NA,1341001,NETWORK_DOMAIN,OUTAGE,NETWORK_DOMAIN,OUTAGE,True,False,outage:moderate:NA:NA
195,fcfed10b-b23b-4478-9f58-a50850472c4b,CELL,GX-CELL-001,POPULATION_CORRELATION,,,0.8,NO_MODEL_SPECIFIC_PATTERN,STRONG,0.0,0.0,0.0,1.0,1.0,1.0,0.0,0.3333,40,32,8,41.38,82.0,49.42,61.83,-7.45,87.62,4.83,NETWORK_DOMAIN,OUTAGE,0.7913,True,,,True,2026-09-25T08:23:04.108708+05:30,SYNTHETIC,True,SYNTHETIC_MANIFEST,outage,b011f3a0-0eec-4ec1-b3d7-908581768633,outage:moderate:NA:NA,1341002,NETWORK_DOMAIN,OUTAGE,NETWORK_DOMAIN,OUTAGE,True,False,outage:moderate:NA:NA
196,27b321b6-45d8-490a-83a6-92c10c4e4b40,CELL,GX-CELL-001,POPULATION_CORRELATION,,,0.8,NO_MODEL_SPECIFIC_PATTERN,STRONG,0.0,0.0,0.0,1.0,1.0,1.0,0.0,0.3333,40,32,8,39.08,82.0,50.57,66.35,-6.81,88.14,4.83,NETWORK_DOMAIN,OUTAGE,0.7913,True,,,True,2026-09-25T08:23:17.260311+05:30,SYNTHETIC,True,SYNTHETIC_MANIFEST,outage,b011f3a0-0eec-4ec1-b3d7-908581768633,outage:moderate:NA:NA,1341003,NETWORK_DOMAIN,OUTAGE,NETWORK_DOMAIN,OUTAGE,True,False,outage:moderate:NA:NA
197,c9c917dc-1a17-4e25-a61c-d94736758c5f,CELL,GX-CELL-001,POPULATION_CORRELATION,,,0.8,NO_MODEL_SPECIFIC_PATTERN,STRONG,0.0,0.0,0.0,1.0,1.0,1.0,0.0,0.3333,40,32,8,42.53,80.67,47.13,56.8,-7.27,89.52,4.83,NETWORK_DOMAIN,OUTAGE,0.7913,True,,,True,2026-09-25T08:23:54.090036+05:30,SYNTHETIC,True,SYNTHETIC_MANIFEST,outage,b011f3a0-0eec-4ec1-b3d7-908581768633,outage:moderate:NA:NA,1341004,NETWORK_DOMAIN,OUTAGE,NETWORK_DOMAIN,OUTAGE,True,False,outage:moderate:NA:NA
198,a59992e0-4b60-4124-a8f2-8788ba24dcc6,CELL,GX-CELL-001,POPULATION_CORRELATION,,,0.8,NO_MODEL_SPECIFIC_PATTERN,STRONG,0.0,0.0,0.0,1.0,1.0,1.0,0.0,1.0,40,32,8,49.42,82.0,55.17,78.46,-9.42,87.62,5.67,NETWORK_DOMAIN,OUTAGE,0.7913,True,,,True,2026-09-25T08:24:05.970460+05:30,SYNTHETIC,True,SYNTHETIC_MANIFEST,outage,b011f3a0-0eec-4ec1-b3d7-908581768633,outage:moderate:NA:NA,1341005,NETWORK_DOMAIN,OUTAGE,NETWORK_DOMAIN,OUTAGE,True,False,outage:moderate:NA:NA
199,aa307380-a33a-4a84-89cc-072cbe9c7b35,CELL,GX-CELL-001,POPULATION_CORRELATION,,,0.8,NO_MODEL_SPECIFIC_PATTERN,STRONG,0.0,0.0,0.0,1.0,1.0,1.0,0.0,1.0,40,32,8,51.72,82.0,56.32,74.45,-7.86,87.76,5.67,NETWORK_DOMAIN,OUTAGE,0.7913,True,,,True,2026-09-25T08:24:20.224824+05:30,SYNTHETIC,True,SYNTHETIC_MANIFEST,outage,b011f3a0-0eec-4ec1-b3d7-908581768633,outage:moderate:NA:NA,1341006,NETWORK_DOMAIN,OUTAGE,NETWORK_DOMAIN,OUTAGE,True,False,outage:moderate:NA:NA
200,880a8bd0-b7e6-45b4-a8fa-f6e304074181,CELL,GX-CELL-001,POPULATION_CORRELATION,,,0.8,NO_MODEL_SPECIFIC_PATTERN,STRONG,0.0,0.0,0.0,1.0,1.0,1.0,0.0,1.0,40,32,8,47.13,79.33,50.57,63.16,-7.88,89.22,4.0,NETWORK_DOMAIN,OUTAGE,0.7913,True,,,True,2026-09-25T08:24:33.270314+05:30,SYNTHETIC,True,SYNTHETIC_MANIFEST,outage,b011f3a0-0eec-4ec1-b3d7-908581768633,outage:moderate:NA:NA,1341007,NETWORK_DOMAIN,OUTAGE,NETWORK_DOMAIN,OUTAGE,True,False,outage:moderate:NA:NA
201,3c11af15-b00a-48c7-94cf-208cffb4c3bf,CELL,GX-CELL-001,POPULATION_CORRELATION,,,0.9,NO_MODEL_SPECIFIC_PATTERN,STRONG,0.0,0.0,0.0,1.0,1.0,1.0,0.0,0.6667,40,36,4,41.38,79.33,47.13,55.9,-7.03,89.57,4.0,NETWORK_DOMAIN,OUTAGE,0.7913,True,,,True,2026-09-25T08:25:17.711355+05:30,SYNTHETIC,True,SYNTHETIC_MANIFEST,outage,f82101d2-c10e-4a93-9784-bbea634d6999,outage:severe:NA:NA,1342000,NETWORK_DOMAIN,OUTAGE,NETWORK_DOMAIN,OUTAGE,True,False,outage:severe:NA:NA
202,c92e7521-9df2-4fde-b2fd-3ba794d6603c,CELL,GX-CELL-001,POPULATION_CORRELATION,,,0.9,NO_MODEL_SPECIFIC_PATTERN,STRONG,0.0,0.0,0.0,1.0,1.0,1.0,0.0,0.6667,40,36,4,50.57,80.67,56.32,74.93,-7.8,89.05,4.83,NETWORK_DOMAIN,OUTAGE,0.7913,True,,,True,2026-09-25T08:25:31.939896+05:30,SYNTHETIC,True,SYNTHETIC_MANIFEST,outage,f82101d2-c10e-4a93-9784-bbea634d6999,outage:severe:NA:NA,1342001,NETWORK_DOMAIN,OUTAGE,NETWORK_DOMAIN,OUTAGE,True,False,outage:severe:NA:NA
203,9726a1c4-c293-4ccf-8d95-4e6594cac15c,CELL,GX-CELL-001,POPULATION_CORRELATION,,,0.9,NO_MODEL_SPECIFIC_PATTERN,STRONG,0.0,0.0,0.0,1.0,1.0,1.0,0.0,0.6667,40,36,4,58.62,82.0,65.52,75.99,-8.1,88.49,4.83,NETWORK_DOMAIN,OUTAGE,0.7913,True,,,True,2026-09-25T08:26:47.473194+05:30,SYNTHETIC,True,SYNTHETIC_MANIFEST,outage,f82101d2-c10e-4a93-9784-bbea634d6999,outage:severe:NA:NA,1342002,NETWORK_DOMAIN,OUTAGE,NETWORK_DOMAIN,OUTAGE,True,False,outage:severe:NA:NA
204,06e3e819-eeaa-4408-bb0b-ca817d02fe54,CELL,GX-CELL-001,POPULATION_CORRELATION,,,0.9,NO_MODEL_SPECIFIC_PATTERN,STRONG,0.0,0.0,0.0,1.0,1.0,1.0,0.0,0.6667,40,36,4,68.97,82.0,72.42,91.82,-11.05,88.86,4.83,NETWORK_DOMAIN,OUTAGE,0.7913,True,,,True,2026-09-25T08:27:45.753947+05:30,SYNTHETIC,True,SYNTHETIC_MANIFEST,outage,f82101d2-c10e-4a93-9784-bbea634d6999,outage:severe:NA:NA,1342003,NETWORK_DOMAIN,OUTAGE,NETWORK_DOMAIN,OUTAGE,True,False,outage:severe:NA:NA
205,c3aaf1f7-5622-4558-977e-7a64cd3415fa,CELL,GX-CELL-001,POPULATION_CORRELATION,,,0.9,NO_MODEL_SPECIFIC_PATTERN,STRONG,0.0,0.0,0.0,1.0,1.0,1.0,0.0,0.6667,40,36,4,28.74,80.67,36.78,59.45,-6.17,89.22,6.5,NETWORK_DOMAIN,OUTAGE,0.7913,True,,,True,2026-09-25T08:28:55.257341+05:30,SYNTHETIC,True,SYNTHETIC_MANIFEST,outage,f82101d2-c10e-4a93-9784-bbea634d6999,outage:severe:NA:NA,1342004,NETWORK_DOMAIN,OUTAGE,NETWORK_DOMAIN,OUTAGE,True,False,outage:severe:NA:NA
206,59536164-5142-4860-8102-78da2828cd30,CELL,GX-CELL-001,POPULATION_CORRELATION,,,0.9,NO_MODEL_SPECIFIC_PATTERN,STRONG,0.0,0.0,0.0,1.0,1.0,1.0,0.0,1.0,40,36,4,56.32,79.33,59.77,72.43,-8.62,90.01,4.83,NETWORK_DOMAIN,OUTAGE,0.7913,True,,,True,2026-09-25T08:29:32.846770+05:30,SYNTHETIC,True,SYNTHETIC_MANIFEST,outage,f82101d2-c10e-4a93-9784-bbea634d6999,outage:severe:NA:NA,1342005,NETWORK_DOMAIN,OUTAGE,NETWORK_DOMAIN,OUTAGE,True,False,outage:severe:NA:NA
207,77a7a56c-7adb-427c-b1fc-c33564a36b68,CELL,GX-CELL-001,POPULATION_CORRELATION,,,0.9,NO_MODEL_SPECIFIC_PATTERN,STRONG,0.0,0.0,0.0,1.0,1.0,0.6667,0.0,1.0,40,36,4,35.63,82.0,42.53,57.94,-5.89,58.73,5.67,NETWORK_DOMAIN,OUTAGE,0.7913,True,,,True,2026-09-25T08:34:10.112843+05:30,SYNTHETIC,True,SYNTHETIC_MANIFEST,outage,f82101d2-c10e-4a93-9784-bbea634d6999,outage:severe:NA:NA,1342006,NETWORK_DOMAIN,OUTAGE,NETWORK_DOMAIN,OUTAGE,True,False,outage:severe:NA:NA
208,ffb8fcbb-fc8b-454f-8e1b-58e573bb68aa,CELL,GX-CELL-001,POPULATION_CORRELATION,,,0.9,NO_MODEL_SPECIFIC_PATTERN,STRONG,0.0,0.0,0.0,1.0,1.0,1.0,0.0,1.0,40,36,4,73.56,82.0,78.16,96.4,-12.49,89.22,4.0,NETWORK_DOMAIN,OUTAGE,0.7913,True,,,True,2026-09-25T08:34:44.174825+05:30,SYNTHETIC,True,SYNTHETIC_MANIFEST,outage,f82101d2-c10e-4a93-9784-bbea634d6999,outage:severe:NA:NA,1342007,NETWORK_DOMAIN,OUTAGE,NETWORK_DOMAIN,OUTAGE,True,False,outage:severe:NA:NA
209,ad424e24-a88c-4243-ab88-9e26508bf018,CELL,GX-CELL-001,POPULATION_CORRELATION,,,0.6,NO_MODEL_SPECIFIC_PATTERN,STRONG,0.0,1.0,0.0,0.0,0.0,0.0,0.0,0.0,40,24,16,0.0,20.0,0.0,0.0,1.5,0.0,10.0,PROPAGATION_DOMAIN,COVERAGE_OR_PROPAGATION,0.7268,True,,,True,2026-09-25T08:35:42.525399+05:30,SYNTHETIC,True,SYNTHETIC_MANIFEST,coverage,f61b36d7-0333-4402-8e6f-46a6bdc80ba1,coverage:mild:generic:NA,1420000,PROPAGATION_DOMAIN,COVERAGE_OR_PROPAGATION,PROPAGATION_DOMAIN,COVERAGE_OR_PROPAGATION,True,False,coverage:mild:generic:NA
210,0d729677-38bd-4453-a5f1-dd9fc950b35b,CELL,GX-CELL-001,POPULATION_CORRELATION,,,0.6,NO_MODEL_SPECIFIC_PATTERN,STRONG,0.0,1.0,0.0,0.0,0.0,0.0,0.0,0.0,40,24,16,0.0,20.0,0.0,0.0,1.5,0.0,10.0,PROPAGATION_DOMAIN,COVERAGE_OR_PROPAGATION,0.7268,True,,,True,2026-09-25T08:35:48.764112+05:30,SYNTHETIC,True,SYNTHETIC_MANIFEST,coverage,f61b36d7-0333-4402-8e6f-46a6bdc80ba1,coverage:mild:generic:NA,1420001,PROPAGATION_DOMAIN,COVERAGE_OR_PROPAGATION,PROPAGATION_DOMAIN,COVERAGE_OR_PROPAGATION,True,False,coverage:mild:generic:NA
211,ea2fcbf0-7eff-4b50-84e9-f782e87cdf8d,CELL,GX-CELL-001,POPULATION_CORRELATION,,,0.6,NO_MODEL_SPECIFIC_PATTERN,STRONG,0.0,1.0,0.0,0.0,0.0,0.0,0.0,0.0,40,24,16,0.0,20.0,0.0,0.0,1.5,0.0,10.0,PROPAGATION_DOMAIN,COVERAGE_OR_PROPAGATION,0.7268,True,,,True,2026-09-25T08:35:54.431342+05:30,SYNTHETIC,True,SYNTHETIC_MANIFEST,coverage,f61b36d7-0333-4402-8e6f-46a6bdc80ba1,coverage:mild:generic:NA,1420002,PROPAGATION_DOMAIN,COVERAGE_OR_PROPAGATION,PROPAGATION_DOMAIN,COVERAGE_OR_PROPAGATION,True,False,coverage:mild:generic:NA
212,84125ce7-bf1e-4b09-aab5-356537295ed7,CELL,GX-CELL-001,POPULATION_CORRELATION,,,0.6,NO_MODEL_SPECIFIC_PATTERN,STRONG,0.0,1.0,0.0,0.0,0.0,0.0,0.0,0.0,40,24,16,0.0,20.0,0.0,0.0,1.5,0.0,10.0,PROPAGATION_DOMAIN,COVERAGE_OR_PROPAGATION,0.7268,True,,,True,2026-09-25T08:36:00.027815+05:30,SYNTHETIC,True,SYNTHETIC_MANIFEST,coverage,f61b36d7-0333-4402-8e6f-46a6bdc80ba1,coverage:mild:generic:NA,1420003,PROPAGATION_DOMAIN,COVERAGE_OR_PROPAGATION,PROPAGATION_DOMAIN,COVERAGE_OR_PROPAGATION,True,False,coverage:mild:generic:NA
213,a7b1156f-f5fa-470e-96ef-3318475ebad0,CELL,GX-CELL-001,POPULATION_CORRELATION,,,0.6,NO_MODEL_SPECIFIC_PATTERN,STRONG,0.0,1.0,0.0,0.0,0.0,0.0,0.0,0.0,40,24,16,0.0,20.0,0.0,0.0,1.5,0.0,10.0,PROPAGATION_DOMAIN,COVERAGE_OR_PROPAGATION,0.7268,True,,,True,2026-09-25T08:36:06.193627+05:30,SYNTHETIC,True,SYNTHETIC_MANIFEST,coverage,f61b36d7-0333-4402-8e6f-46a6bdc80ba1,coverage:mild:generic:NA,1420004,PROPAGATION_DOMAIN,COVERAGE_OR_PROPAGATION,PROPAGATION_DOMAIN,COVERAGE_OR_PROPAGATION,True,False,coverage:mild:generic:NA
214,9a2f55f8-3eda-4185-9c9d-e676523c2f89,CELL,GX-CELL-001,POPULATION_CORRELATION,,,0.6,NO_MODEL_SPECIFIC_PATTERN,STRONG,0.0,1.0,0.0,0.0,0.0,0.0,0.0,0.0,40,24,16,0.0,20.0,0.0,0.0,1.5,0.0,10.0,PROPAGATION_DOMAIN,COVERAGE_OR_PROPAGATION,0.7268,True,,,True,2026-09-25T08:36:12.641263+05:30,SYNTHETIC,True,SYNTHETIC_MANIFEST,coverage,f61b36d7-0333-4402-8e6f-46a6bdc80ba1,coverage:mild:generic:NA,1420005,PROPAGATION_DOMAIN,COVERAGE_OR_PROPAGATION,PROPAGATION_DOMAIN,COVERAGE_OR_PROPAGATION,True,False,coverage:mild:generic:NA
215,9dbaac0c-e968-4139-a20c-087911b5b7c5,CELL,GX-CELL-001,POPULATION_CORRELATION,,,0.6,NO_MODEL_SPECIFIC_PATTERN,STRONG,0.0,1.0,0.0,0.0,0.0,0.0,0.0,0.0,40,24,16,0.0,20.0,0.0,0.0,1.5,0.0,10.0,PROPAGATION_DOMAIN,COVERAGE_OR_PROPAGATION,0.7268,True,,,True,2026-09-25T08:36:20.146118+05:30,SYNTHETIC,True,SYNTHETIC_MANIFEST,coverage,f61b36d7-0333-4402-8e6f-46a6bdc80ba1,coverage:mild:generic:NA,1420006,PROPAGATION_DOMAIN,COVERAGE_OR_PROPAGATION,PROPAGATION_DOMAIN,COVERAGE_OR_PROPAGATION,True,False,coverage:mild:generic:NA
216,9e9fef53-ca57-4831-8113-c493c0c582d6,CELL,GX-CELL-001,POPULATION_CORRELATION,,,0.6,NO_MODEL_SPECIFIC_PATTERN,STRONG,0.0,1.0,0.0,0.0,0.0,0.0,0.0,0.0,40,24,16,0.0,20.0,0.0,0.0,1.5,0.0,10.0,PROPAGATION_DOMAIN,COVERAGE_OR_PROPAGATION,0.7268,True,,,True,2026-09-25T08:36:26.973687+05:30,SYNTHETIC,True,SYNTHETIC_MANIFEST,coverage,f61b36d7-0333-4402-8e6f-46a6bdc80ba1,coverage:mild:generic:NA,1420007,PROPAGATION_DOMAIN,COVERAGE_OR_PROPAGATION,PROPAGATION_DOMAIN,COVERAGE_OR_PROPAGATION,True,False,coverage:mild:generic:NA
217,4ae82c47-dd79-4092-8c0e-55c6c5a13134,CELL,GX-CELL-001,POPULATION_CORRELATION,,,0.8,NO_MODEL_SPECIFIC_PATTERN,STRONG,0.0,1.0,0.0,0.0,0.0,0.0,0.0,0.0,40,32,8,0.0,20.0,0.0,0.0,1.5,0.0,10.0,PROPAGATION_DOMAIN,COVERAGE_OR_PROPAGATION,0.7268,True,,,True,2026-09-25T08:36:33.585236+05:30,SYNTHETIC,True,SYNTHETIC_MANIFEST,coverage,7656f9ae-c861-4a32-86dd-23a42a48ca06,coverage:moderate:generic:NA,1421000,PROPAGATION_DOMAIN,COVERAGE_OR_PROPAGATION,PROPAGATION_DOMAIN,COVERAGE_OR_PROPAGATION,True,False,coverage:moderate:generic:NA
218,00933730-1584-4a53-8a01-560b99e31359,CELL,GX-CELL-001,POPULATION_CORRELATION,,,0.8,NO_MODEL_SPECIFIC_PATTERN,STRONG,0.0,1.0,0.0,0.0,0.0,0.0,0.0,0.0,40,32,8,0.0,20.0,0.0,0.0,1.5,0.0,10.0,PROPAGATION_DOMAIN,COVERAGE_OR_PROPAGATION,0.7268,True,,,True,2026-09-25T08:36:39.222039+05:30,SYNTHETIC,True,SYNTHETIC_MANIFEST,coverage,7656f9ae-c861-4a32-86dd-23a42a48ca06,coverage:moderate:generic:NA,1421001,PROPAGATION_DOMAIN,COVERAGE_OR_PROPAGATION,PROPAGATION_DOMAIN,COVERAGE_OR_PROPAGATION,True,False,coverage:moderate:generic:NA
219,4871bab0-d7b1-4ecc-989d-d23635144004,CELL,GX-CELL-001,POPULATION_CORRELATION,,,0.8,NO_MODEL_SPECIFIC_PATTERN,STRONG,0.0,1.0,0.0,0.0,0.0,0.0,0.0,0.0,40,32,8,0.0,20.0,0.0,0.0,1.5,0.0,10.0,PROPAGATION_DOMAIN,COVERAGE_OR_PROPAGATION,0.7268,True,,,True,2026-09-25T08:36:44.312192+05:30,SYNTHETIC,True,SYNTHETIC_MANIFEST,coverage,7656f9ae-c861-4a32-86dd-23a42a48ca06,coverage:moderate:generic:NA,1421002,PROPAGATION_DOMAIN,COVERAGE_OR_PROPAGATION,PROPAGATION_DOMAIN,COVERAGE_OR_PROPAGATION,True,False,coverage:moderate:generic:NA
220,36df749f-a765-4ec1-bf0e-4e6366166f6e,CELL,GX-CELL-001,POPULATION_CORRELATION,,,0.8,NO_MODEL_SPECIFIC_PATTERN,STRONG,0.0,1.0,0.0,0.0,0.0,0.0,0.0,0.0,40,32,8,0.0,20.0,0.0,0.0,1.5,0.0,10.0,PROPAGATION_DOMAIN,COVERAGE_OR_PROPAGATION,0.7268,True,,,True,2026-09-25T08:36:49.987334+05:30,SYNTHETIC,True,SYNTHETIC_MANIFEST,coverage,7656f9ae-c861-4a32-86dd-23a42a48ca06,coverage:moderate:generic:NA,1421003,PROPAGATION_DOMAIN,COVERAGE_OR_PROPAGATION,PROPAGATION_DOMAIN,COVERAGE_OR_PROPAGATION,True,False,coverage:moderate:generic:NA
221,e9b21902-6c4e-4144-ab20-6f3f399f0717,CELL,GX-CELL-001,POPULATION_CORRELATION,,,0.8,NO_MODEL_SPECIFIC_PATTERN,STRONG,0.0,1.0,0.0,0.0,0.0,0.0,0.0,0.0,40,32,8,0.0,20.0,0.0,0.0,1.5,0.0,10.0,PROPAGATION_DOMAIN,COVERAGE_OR_PROPAGATION,0.7268,True,,,True,2026-09-25T08:36:55.376675+05:30,SYNTHETIC,True,SYNTHETIC_MANIFEST,coverage,7656f9ae-c861-4a32-86dd-23a42a48ca06,coverage:moderate:generic:NA,1421004,PROPAGATION_DOMAIN,COVERAGE_OR_PROPAGATION,PROPAGATION_DOMAIN,COVERAGE_OR_PROPAGATION,True,False,coverage:moderate:generic:NA
222,a294c8f9-c3be-4927-b3ff-f062ccc807f3,CELL,GX-CELL-001,POPULATION_CORRELATION,,,0.8,NO_MODEL_SPECIFIC_PATTERN,STRONG,0.0,1.0,0.0,0.0,0.0,0.0,0.0,0.0,40,32,8,0.0,20.0,0.0,0.0,1.5,0.0,10.0,PROPAGATION_DOMAIN,COVERAGE_OR_PROPAGATION,0.7268,True,,,True,2026-09-25T08:37:00.483859+05:30,SYNTHETIC,True,SYNTHETIC_MANIFEST,coverage,7656f9ae-c861-4a32-86dd-23a42a48ca06,coverage:moderate:generic:NA,1421005,PROPAGATION_DOMAIN,COVERAGE_OR_PROPAGATION,PROPAGATION_DOMAIN,COVERAGE_OR_PROPAGATION,True,False,coverage:moderate:generic:NA
223,16e28ac4-18a4-44a2-8ccb-28ed2b8c9948,CELL,GX-CELL-001,POPULATION_CORRELATION,,,0.8,NO_MODEL_SPECIFIC_PATTERN,STRONG,0.0,1.0,0.0,0.0,0.0,0.0,0.0,0.0,40,32,8,0.0,20.0,0.0,0.0,1.5,0.0,10.0,PROPAGATION_DOMAIN,COVERAGE_OR_PROPAGATION,0.7268,True,,,True,2026-09-25T08:37:07.290741+05:30,SYNTHETIC,True,SYNTHETIC_MANIFEST,coverage,7656f9ae-c861-4a32-86dd-23a42a48ca06,coverage:moderate:generic:NA,1421006,PROPAGATION_DOMAIN,COVERAGE_OR_PROPAGATION,PROPAGATION_DOMAIN,COVERAGE_OR_PROPAGATION,True,False,coverage:moderate:generic:NA
224,b6786faa-6294-4e5f-810c-ee885b6d2325,CELL,GX-CELL-001,POPULATION_CORRELATION,,,0.8,NO_MODEL_SPECIFIC_PATTERN,STRONG,0.0,1.0,0.0,0.0,0.0,0.0,0.0,0.0,40,32,8,0.0,20.0,0.0,0.0,1.5,0.0,10.0,PROPAGATION_DOMAIN,COVERAGE_OR_PROPAGATION,0.7268,True,,,True,2026-09-25T08:37:14.318955+05:30,SYNTHETIC,True,SYNTHETIC_MANIFEST,coverage,7656f9ae-c861-4a32-86dd-23a42a48ca06,coverage:moderate:generic:NA,1421007,PROPAGATION_DOMAIN,COVERAGE_OR_PROPAGATION,PROPAGATION_DOMAIN,COVERAGE_OR_PROPAGATION,True,False,coverage:moderate:generic:NA
225,068eea97-d4aa-4254-bb53-f4d684aa0a91,CELL,GX-CELL-001,POPULATION_CORRELATION,,,0.9,NO_MODEL_SPECIFIC_PATTERN,STRONG,0.0,1.0,0.0,0.0,0.0,0.0,0.0,0.0,40,36,4,0.0,20.0,0.0,0.0,1.5,0.0,10.0,PROPAGATION_DOMAIN,COVERAGE_OR_PROPAGATION,0.7268,True,,,True,2026-09-25T08:37:20.301972+05:30,SYNTHETIC,True,SYNTHETIC_MANIFEST,coverage,f5ebcd84-be34-4804-b76c-9f1853343953,coverage:severe:generic:NA,1422000,PROPAGATION_DOMAIN,COVERAGE_OR_PROPAGATION,PROPAGATION_DOMAIN,COVERAGE_OR_PROPAGATION,True,False,coverage:severe:generic:NA
226,21a9cdd6-5978-4359-a2a2-865976e809c8,CELL,GX-CELL-001,POPULATION_CORRELATION,,,0.9,NO_MODEL_SPECIFIC_PATTERN,STRONG,0.0,1.0,0.0,0.0,0.0,0.0,0.0,0.0,40,36,4,0.0,20.0,0.0,0.0,1.5,0.0,10.0,PROPAGATION_DOMAIN,COVERAGE_OR_PROPAGATION,0.7268,True,,,True,2026-09-25T08:37:26.226267+05:30,SYNTHETIC,True,SYNTHETIC_MANIFEST,coverage,f5ebcd84-be34-4804-b76c-9f1853343953,coverage:severe:generic:NA,1422001,PROPAGATION_DOMAIN,COVERAGE_OR_PROPAGATION,PROPAGATION_DOMAIN,COVERAGE_OR_PROPAGATION,True,False,coverage:severe:generic:NA
227,a7cf998b-df18-438a-a302-3ea63abcddd0,CELL,GX-CELL-001,POPULATION_CORRELATION,,,0.9,NO_MODEL_SPECIFIC_PATTERN,STRONG,0.0,1.0,0.0,0.0,0.0,0.0,0.0,0.0,40,36,4,0.0,20.0,0.0,0.0,1.5,0.0,10.0,PROPAGATION_DOMAIN,COVERAGE_OR_PROPAGATION,0.7268,True,,,True,2026-09-25T08:37:32.992836+05:30,SYNTHETIC,True,SYNTHETIC_MANIFEST,coverage,f5ebcd84-be34-4804-b76c-9f1853343953,coverage:severe:generic:NA,1422002,PROPAGATION_DOMAIN,COVERAGE_OR_PROPAGATION,PROPAGATION_DOMAIN,COVERAGE_OR_PROPAGATION,True,False,coverage:severe:generic:NA
228,09e4e5c4-c61e-42af-a42a-4b85e3cfcab4,CELL,GX-CELL-001,POPULATION_CORRELATION,,,0.9,NO_MODEL_SPECIFIC_PATTERN,STRONG,0.0,1.0,0.0,0.0,0.0,0.0,0.0,0.0,40,36,4,0.0,20.0,0.0,0.0,1.5,0.0,10.0,PROPAGATION_DOMAIN,COVERAGE_OR_PROPAGATION,0.7268,True,,,True,2026-09-25T08:37:39.022182+05:30,SYNTHETIC,True,SYNTHETIC_MANIFEST,coverage,f5ebcd84-be34-4804-b76c-9f1853343953,coverage:severe:generic:NA,1422003,PROPAGATION_DOMAIN,COVERAGE_OR_PROPAGATION,PROPAGATION_DOMAIN,COVERAGE_OR_PROPAGATION,True,False,coverage:severe:generic:NA
229,37f994c8-33b2-4b85-ad56-8f2d1d08899e,CELL,GX-CELL-001,POPULATION_CORRELATION,,,0.9,NO_MODEL_SPECIFIC_PATTERN,STRONG,0.0,1.0,0.0,0.0,0.0,0.0,0.0,0.0,40,36,4,0.0,20.0,0.0,0.0,1.5,0.0,10.0,PROPAGATION_DOMAIN,COVERAGE_OR_PROPAGATION,0.7268,True,,,True,2026-09-25T08:37:45.334526+05:30,SYNTHETIC,True,SYNTHETIC_MANIFEST,coverage,f5ebcd84-be34-4804-b76c-9f1853343953,coverage:severe:generic:NA,1422004,PROPAGATION_DOMAIN,COVERAGE_OR_PROPAGATION,PROPAGATION_DOMAIN,COVERAGE_OR_PROPAGATION,True,False,coverage:severe:generic:NA
230,2829ede9-c80c-4589-ac9b-1979f5d32f12,CELL,GX-CELL-001,POPULATION_CORRELATION,,,0.9,NO_MODEL_SPECIFIC_PATTERN,STRONG,0.0,1.0,0.0,0.0,0.0,0.0,0.0,0.0,40,36,4,0.0,20.0,0.0,0.0,1.5,0.0,10.0,PROPAGATION_DOMAIN,COVERAGE_OR_PROPAGATION,0.7268,True,,,True,2026-09-25T08:37:50.613242+05:30,SYNTHETIC,True,SYNTHETIC_MANIFEST,coverage,f5ebcd84-be34-4804-b76c-9f1853343953,coverage:severe:generic:NA,1422005,PROPAGATION_DOMAIN,COVERAGE_OR_PROPAGATION,PROPAGATION_DOMAIN,COVERAGE_OR_PROPAGATION,True,False,coverage:severe:generic:NA
231,f703265e-b707-47b4-9ea6-ad44d9f46ee1,CELL,GX-CELL-001,POPULATION_CORRELATION,,,0.9,NO_MODEL_SPECIFIC_PATTERN,STRONG,0.0,1.0,0.0,0.0,0.0,0.0,0.0,0.0,40,36,4,0.0,20.0,0.0,0.0,1.5,0.0,10.0,PROPAGATION_DOMAIN,COVERAGE_OR_PROPAGATION,0.7268,True,,,True,2026-09-25T08:37:56.384886+05:30,SYNTHETIC,True,SYNTHETIC_MANIFEST,coverage,f5ebcd84-be34-4804-b76c-9f1853343953,coverage:severe:generic:NA,1422006,PROPAGATION_DOMAIN,COVERAGE_OR_PROPAGATION,PROPAGATION_DOMAIN,COVERAGE_OR_PROPAGATION,True,False,coverage:severe:generic:NA
232,99b6e5f6-6869-4196-b590-bf864f184cc8,CELL,GX-CELL-001,POPULATION_CORRELATION,,,0.9,NO_MODEL_SPECIFIC_PATTERN,STRONG,0.0,1.0,0.0,0.0,0.0,0.0,0.0,0.0,40,36,4,0.0,20.0,0.0,0.0,1.5,0.0,10.0,PROPAGATION_DOMAIN,COVERAGE_OR_PROPAGATION,0.7268,True,,,True,2026-09-25T08:38:01.529887+05:30,SYNTHETIC,True,SYNTHETIC_MANIFEST,coverage,f5ebcd84-be34-4804-b76c-9f1853343953,coverage:severe:generic:NA,1422007,PROPAGATION_DOMAIN,COVERAGE_OR_PROPAGATION,PROPAGATION_DOMAIN,COVERAGE_OR_PROPAGATION,True,False,coverage:severe:generic:NA
233,06a03b48-6d6a-4571-8c5c-0959819793fe,CELL,GX-CELL-001,POPULATION_CORRELATION,,,0.6,NO_MODEL_SPECIFIC_PATTERN,STRONG,0.0,1.0,0.0,0.0,1.0,0.0,0.0,0.0,40,24,16,35.0,72.0,40.0,42.0,-4.2,0.0,10.0,PROPAGATION_DOMAIN,TERRAIN_PROPAGATION_LIKELY,0.6904,True,,,True,2026-09-25T08:40:50.828129+05:30,SYNTHETIC,True,SYNTHETIC_MANIFEST,coverage,b2dfe9b3-54e3-4637-8fa6-d151c66992b8,coverage:mild:terrain:NA,1520000,PROPAGATION_DOMAIN,TERRAIN_PROPAGATION_LIKELY,PROPAGATION_DOMAIN,TERRAIN_PROPAGATION_LIKELY,True,False,coverage:mild:terrain:NA
234,23f49674-5619-468b-827e-53ffa5a6ea8a,CELL,GX-CELL-001,POPULATION_CORRELATION,,,0.6,NO_MODEL_SPECIFIC_PATTERN,STRONG,0.0,1.0,0.0,0.0,1.0,0.0,0.0,0.0,40,24,16,35.0,72.0,40.0,42.0,-4.2,0.0,10.0,PROPAGATION_DOMAIN,TERRAIN_PROPAGATION_LIKELY,0.6904,True,,,True,2026-09-25T08:40:57.810732+05:30,SYNTHETIC,True,SYNTHETIC_MANIFEST,coverage,b2dfe9b3-54e3-4637-8fa6-d151c66992b8,coverage:mild:terrain:NA,1520001,PROPAGATION_DOMAIN,TERRAIN_PROPAGATION_LIKELY,PROPAGATION_DOMAIN,TERRAIN_PROPAGATION_LIKELY,True,False,coverage:mild:terrain:NA
235,63044a5c-1083-48bb-bb51-05eeb33b727d,CELL,GX-CELL-001,POPULATION_CORRELATION,,,0.6,NO_MODEL_SPECIFIC_PATTERN,STRONG,0.0,1.0,0.0,0.0,1.0,0.0,0.0,0.0,40,24,16,35.0,72.0,40.0,42.0,-4.2,0.0,10.0,PROPAGATION_DOMAIN,TERRAIN_PROPAGATION_LIKELY,0.6904,True,,,True,2026-09-25T08:41:03.848871+05:30,SYNTHETIC,True,SYNTHETIC_MANIFEST,coverage,b2dfe9b3-54e3-4637-8fa6-d151c66992b8,coverage:mild:terrain:NA,1520002,PROPAGATION_DOMAIN,TERRAIN_PROPAGATION_LIKELY,PROPAGATION_DOMAIN,TERRAIN_PROPAGATION_LIKELY,True,False,coverage:mild:terrain:NA
236,dcbc2d01-cd4e-43d8-a6fc-f4ffe0b6ac9b,CELL,GX-CELL-001,POPULATION_CORRELATION,,,0.6,NO_MODEL_SPECIFIC_PATTERN,STRONG,0.0,1.0,0.0,0.0,1.0,0.0,0.0,0.0,40,24,16,35.0,72.0,40.0,42.0,-4.2,0.0,10.0,PROPAGATION_DOMAIN,TERRAIN_PROPAGATION_LIKELY,0.6904,True,,,True,2026-09-25T08:41:09.687026+05:30,SYNTHETIC,True,SYNTHETIC_MANIFEST,coverage,b2dfe9b3-54e3-4637-8fa6-d151c66992b8,coverage:mild:terrain:NA,1520003,PROPAGATION_DOMAIN,TERRAIN_PROPAGATION_LIKELY,PROPAGATION_DOMAIN,TERRAIN_PROPAGATION_LIKELY,True,False,coverage:mild:terrain:NA
237,ce06ecab-5d39-497e-9f1b-01dd4ba01ba3,CELL,GX-CELL-001,POPULATION_CORRELATION,,,0.6,NO_MODEL_SPECIFIC_PATTERN,STRONG,0.0,1.0,0.0,0.0,1.0,0.0,0.0,0.0,40,24,16,35.0,72.0,40.0,42.0,-4.2,0.0,10.0,PROPAGATION_DOMAIN,TERRAIN_PROPAGATION_LIKELY,0.6904,True,,,True,2026-09-25T08:41:15.711736+05:30,SYNTHETIC,True,SYNTHETIC_MANIFEST,coverage,b2dfe9b3-54e3-4637-8fa6-d151c66992b8,coverage:mild:terrain:NA,1520004,PROPAGATION_DOMAIN,TERRAIN_PROPAGATION_LIKELY,PROPAGATION_DOMAIN,TERRAIN_PROPAGATION_LIKELY,True,False,coverage:mild:terrain:NA
238,29586d2d-6cff-4c41-8ee3-7aee15f3aa5a,CELL,GX-CELL-001,POPULATION_CORRELATION,,,0.6,NO_MODEL_SPECIFIC_PATTERN,STRONG,0.0,1.0,0.0,0.0,1.0,0.0,0.0,0.0,40,24,16,35.0,72.0,40.0,42.0,-4.2,0.0,10.0,PROPAGATION_DOMAIN,TERRAIN_PROPAGATION_LIKELY,0.6904,True,,,True,2026-09-25T08:41:21.629897+05:30,SYNTHETIC,True,SYNTHETIC_MANIFEST,coverage,b2dfe9b3-54e3-4637-8fa6-d151c66992b8,coverage:mild:terrain:NA,1520005,PROPAGATION_DOMAIN,TERRAIN_PROPAGATION_LIKELY,PROPAGATION_DOMAIN,TERRAIN_PROPAGATION_LIKELY,True,False,coverage:mild:terrain:NA
239,a5e8db20-d9b9-4329-b3f5-ffa82ac8356b,CELL,GX-CELL-001,POPULATION_CORRELATION,,,0.6,NO_MODEL_SPECIFIC_PATTERN,STRONG,0.0,1.0,0.0,0.0,1.0,0.0,0.0,0.0,40,24,16,35.0,72.0,40.0,42.0,-4.2,0.0,10.0,PROPAGATION_DOMAIN,TERRAIN_PROPAGATION_LIKELY,0.6904,True,,,True,2026-09-25T08:41:27.454163+05:30,SYNTHETIC,True,SYNTHETIC_MANIFEST,coverage,b2dfe9b3-54e3-4637-8fa6-d151c66992b8,coverage:mild:terrain:NA,1520006,PROPAGATION_DOMAIN,TERRAIN_PROPAGATION_LIKELY,PROPAGATION_DOMAIN,TERRAIN_PROPAGATION_LIKELY,True,False,coverage:mild:terrain:NA
240,63776fc0-7e6d-4ec9-b4e7-79e6a045f448,CELL,GX-CELL-001,POPULATION_CORRELATION,,,0.6,NO_MODEL_SPECIFIC_PATTERN,STRONG,0.0,1.0,0.0,0.0,1.0,0.0,0.0,0.0,40,24,16,35.0,72.0,40.0,42.0,-4.2,0.0,10.0,PROPAGATION_DOMAIN,TERRAIN_PROPAGATION_LIKELY,0.6904,True,,,True,2026-09-25T08:41:33.022290+05:30,SYNTHETIC,True,SYNTHETIC_MANIFEST,coverage,b2dfe9b3-54e3-4637-8fa6-d151c66992b8,coverage:mild:terrain:NA,1520007,PROPAGATION_DOMAIN,TERRAIN_PROPAGATION_LIKELY,PROPAGATION_DOMAIN,TERRAIN_PROPAGATION_LIKELY,True,False,coverage:mild:terrain:NA
241,cc5a1e8c-03ab-434e-8866-ecd6d7c42be1,CELL,GX-CELL-001,POPULATION_CORRELATION,,,0.8,NO_MODEL_SPECIFIC_PATTERN,STRONG,0.0,1.0,0.0,0.0,1.0,0.0,0.0,0.0,40,32,8,42.53,78.0,48.27,51.25,-5.38,0.0,10.0,PROPAGATION_DOMAIN,TERRAIN_PROPAGATION_LIKELY,0.6904,True,,,True,2026-09-25T08:41:39.398624+05:30,SYNTHETIC,True,SYNTHETIC_MANIFEST,coverage,793ed9a7-7f42-491d-a610-297f95a45f68,coverage:moderate:terrain:NA,1521000,PROPAGATION_DOMAIN,TERRAIN_PROPAGATION_LIKELY,PROPAGATION_DOMAIN,TERRAIN_PROPAGATION_LIKELY,True,False,coverage:moderate:terrain:NA
242,f770802a-3965-4763-83e5-adbd820f35fc,CELL,GX-CELL-001,POPULATION_CORRELATION,,,0.8,NO_MODEL_SPECIFIC_PATTERN,STRONG,0.0,1.0,0.0,0.0,1.0,0.0,0.0,0.0,40,32,8,42.53,78.0,48.27,51.25,-5.38,0.0,10.0,PROPAGATION_DOMAIN,TERRAIN_PROPAGATION_LIKELY,0.6904,True,,,True,2026-09-25T08:41:45.055776+05:30,SYNTHETIC,True,SYNTHETIC_MANIFEST,coverage,793ed9a7-7f42-491d-a610-297f95a45f68,coverage:moderate:terrain:NA,1521001,PROPAGATION_DOMAIN,TERRAIN_PROPAGATION_LIKELY,PROPAGATION_DOMAIN,TERRAIN_PROPAGATION_LIKELY,True,False,coverage:moderate:terrain:NA
243,01e82bfe-36a2-40cd-af52-7222144d934f,CELL,GX-CELL-001,POPULATION_CORRELATION,,,0.8,NO_MODEL_SPECIFIC_PATTERN,STRONG,0.0,1.0,0.0,0.0,1.0,0.0,0.0,0.0,40,32,8,42.53,78.0,48.27,51.25,-5.38,0.0,10.0,PROPAGATION_DOMAIN,TERRAIN_PROPAGATION_LIKELY,0.6904,True,,,True,2026-09-25T08:41:52.083331+05:30,SYNTHETIC,True,SYNTHETIC_MANIFEST,coverage,793ed9a7-7f42-491d-a610-297f95a45f68,coverage:moderate:terrain:NA,1521002,PROPAGATION_DOMAIN,TERRAIN_PROPAGATION_LIKELY,PROPAGATION_DOMAIN,TERRAIN_PROPAGATION_LIKELY,True,False,coverage:moderate:terrain:NA
244,505c977b-a15f-41b0-aff8-d2bb55fd611b,CELL,GX-CELL-001,POPULATION_CORRELATION,,,0.8,NO_MODEL_SPECIFIC_PATTERN,STRONG,0.0,1.0,0.0,0.0,1.0,0.0,0.0,0.0,40,32,8,42.53,78.0,48.27,51.25,-5.38,0.0,10.0,PROPAGATION_DOMAIN,TERRAIN_PROPAGATION_LIKELY,0.6904,True,,,True,2026-09-25T08:41:58.232012+05:30,SYNTHETIC,True,SYNTHETIC_MANIFEST,coverage,793ed9a7-7f42-491d-a610-297f95a45f68,coverage:moderate:terrain:NA,1521003,PROPAGATION_DOMAIN,TERRAIN_PROPAGATION_LIKELY,PROPAGATION_DOMAIN,TERRAIN_PROPAGATION_LIKELY,True,False,coverage:moderate:terrain:NA
245,2bdba310-2e41-427d-ac17-7a40b51c268a,CELL,GX-CELL-001,POPULATION_CORRELATION,,,0.8,NO_MODEL_SPECIFIC_PATTERN,STRONG,0.0,1.0,0.0,0.0,1.0,0.0,0.0,0.0,40,32,8,42.53,78.0,48.27,51.25,-5.38,0.0,10.0,PROPAGATION_DOMAIN,TERRAIN_PROPAGATION_LIKELY,0.6904,True,,,True,2026-09-25T08:42:03.582664+05:30,SYNTHETIC,True,SYNTHETIC_MANIFEST,coverage,793ed9a7-7f42-491d-a610-297f95a45f68,coverage:moderate:terrain:NA,1521004,PROPAGATION_DOMAIN,TERRAIN_PROPAGATION_LIKELY,PROPAGATION_DOMAIN,TERRAIN_PROPAGATION_LIKELY,True,False,coverage:moderate:terrain:NA
246,ab56ed70-ee06-449d-a445-d49e5def6a41,CELL,GX-CELL-001,POPULATION_CORRELATION,,,0.8,NO_MODEL_SPECIFIC_PATTERN,STRONG,0.0,1.0,0.0,0.0,1.0,0.0,0.0,0.0,40,32,8,42.53,78.0,48.27,51.25,-5.38,0.0,10.0,PROPAGATION_DOMAIN,TERRAIN_PROPAGATION_LIKELY,0.6904,True,,,True,2026-09-25T08:42:09.095149+05:30,SYNTHETIC,True,SYNTHETIC_MANIFEST,coverage,793ed9a7-7f42-491d-a610-297f95a45f68,coverage:moderate:terrain:NA,1521005,PROPAGATION_DOMAIN,TERRAIN_PROPAGATION_LIKELY,PROPAGATION_DOMAIN,TERRAIN_PROPAGATION_LIKELY,True,False,coverage:moderate:terrain:NA
247,6cbe31ec-ee3e-47d1-af47-6b1d6eadbd2e,CELL,GX-CELL-001,POPULATION_CORRELATION,,,0.8,NO_MODEL_SPECIFIC_PATTERN,STRONG,0.0,1.0,0.0,0.0,1.0,0.0,0.0,0.0,40,32,8,42.53,78.0,48.27,51.25,-5.38,0.0,10.0,PROPAGATION_DOMAIN,TERRAIN_PROPAGATION_LIKELY,0.6904,True,,,True,2026-09-25T08:42:14.928500+05:30,SYNTHETIC,True,SYNTHETIC_MANIFEST,coverage,793ed9a7-7f42-491d-a610-297f95a45f68,coverage:moderate:terrain:NA,1521006,PROPAGATION_DOMAIN,TERRAIN_PROPAGATION_LIKELY,PROPAGATION_DOMAIN,TERRAIN_PROPAGATION_LIKELY,True,False,coverage:moderate:terrain:NA
248,647407c4-53ee-4da4-ace5-d397c2a215dc,CELL,GX-CELL-001,POPULATION_CORRELATION,,,0.8,NO_MODEL_SPECIFIC_PATTERN,STRONG,0.0,1.0,0.0,0.0,1.0,0.0,0.0,0.0,40,32,8,42.53,78.0,48.27,51.25,-5.38,0.0,10.0,PROPAGATION_DOMAIN,TERRAIN_PROPAGATION_LIKELY,0.6904,True,,,True,2026-09-25T08:42:22.114030+05:30,SYNTHETIC,True,SYNTHETIC_MANIFEST,coverage,793ed9a7-7f42-491d-a610-297f95a45f68,coverage:moderate:terrain:NA,1521007,PROPAGATION_DOMAIN,TERRAIN_PROPAGATION_LIKELY,PROPAGATION_DOMAIN,TERRAIN_PROPAGATION_LIKELY,True,False,coverage:moderate:terrain:NA
249,370c72e0-1d18-45cf-bfd5-9346d097b4d9,CELL,GX-CELL-001,POPULATION_CORRELATION,,,0.9,NO_MODEL_SPECIFIC_PATTERN,STRONG,0.0,1.0,0.0,0.0,1.0,0.0,0.0,0.0,40,36,4,47.12,82.0,54.02,67.01,-6.97,0.0,10.0,PROPAGATION_DOMAIN,TERRAIN_PROPAGATION_LIKELY,0.6904,True,,,True,2026-09-25T08:42:30.196682+05:30,SYNTHETIC,True,SYNTHETIC_MANIFEST,coverage,f1d9ec85-f3b3-4b8a-aa01-958c80d7b8cb,coverage:severe:terrain:NA,1522000,PROPAGATION_DOMAIN,TERRAIN_PROPAGATION_LIKELY,PROPAGATION_DOMAIN,TERRAIN_PROPAGATION_LIKELY,True,False,coverage:severe:terrain:NA
250,e1a61dc9-7908-4fa2-9cd5-ed60b6661077,CELL,GX-CELL-001,POPULATION_CORRELATION,,,0.9,NO_MODEL_SPECIFIC_PATTERN,STRONG,0.0,1.0,0.0,0.0,1.0,0.0,0.0,0.0,40,36,4,47.12,82.0,54.02,67.01,-6.97,0.0,10.0,PROPAGATION_DOMAIN,TERRAIN_PROPAGATION_LIKELY,0.6904,True,,,True,2026-09-25T08:42:36.165006+05:30,SYNTHETIC,True,SYNTHETIC_MANIFEST,coverage,f1d9ec85-f3b3-4b8a-aa01-958c80d7b8cb,coverage:severe:terrain:NA,1522001,PROPAGATION_DOMAIN,TERRAIN_PROPAGATION_LIKELY,PROPAGATION_DOMAIN,TERRAIN_PROPAGATION_LIKELY,True,False,coverage:severe:terrain:NA
251,4267dafa-7e93-4836-8c82-2206952f767d,CELL,GX-CELL-001,POPULATION_CORRELATION,,,0.9,NO_MODEL_SPECIFIC_PATTERN,STRONG,0.0,1.0,0.0,0.0,1.0,0.0,0.0,0.0,40,36,4,47.12,82.0,54.02,67.01,-6.97,0.0,10.0,PROPAGATION_DOMAIN,TERRAIN_PROPAGATION_LIKELY,0.6904,True,,,True,2026-09-25T08:42:42.187406+05:30,SYNTHETIC,True,SYNTHETIC_MANIFEST,coverage,f1d9ec85-f3b3-4b8a-aa01-958c80d7b8cb,coverage:severe:terrain:NA,1522002,PROPAGATION_DOMAIN,TERRAIN_PROPAGATION_LIKELY,PROPAGATION_DOMAIN,TERRAIN_PROPAGATION_LIKELY,True,False,coverage:severe:terrain:NA
252,cf74654d-ed02-4e4b-8f00-bab8b62a71d2,CELL,GX-CELL-001,POPULATION_CORRELATION,,,0.9,NO_MODEL_SPECIFIC_PATTERN,STRONG,0.0,1.0,0.0,0.0,1.0,0.0,0.0,0.0,40,36,4,47.12,82.0,54.02,67.01,-6.97,0.0,10.0,PROPAGATION_DOMAIN,TERRAIN_PROPAGATION_LIKELY,0.6904,True,,,True,2026-09-25T08:42:48.368243+05:30,SYNTHETIC,True,SYNTHETIC_MANIFEST,coverage,f1d9ec85-f3b3-4b8a-aa01-958c80d7b8cb,coverage:severe:terrain:NA,1522003,PROPAGATION_DOMAIN,TERRAIN_PROPAGATION_LIKELY,PROPAGATION_DOMAIN,TERRAIN_PROPAGATION_LIKELY,True,False,coverage:severe:terrain:NA
253,553889aa-d0a8-4fbd-88aa-5639d804d07c,CELL,GX-CELL-001,POPULATION_CORRELATION,,,0.9,NO_MODEL_SPECIFIC_PATTERN,STRONG,0.0,1.0,0.0,0.0,1.0,0.0,0.0,0.0,40,36,4,47.12,82.0,54.02,67.01,-6.97,0.0,10.0,PROPAGATION_DOMAIN,TERRAIN_PROPAGATION_LIKELY,0.6904,True,,,True,2026-09-25T08:42:54.718554+05:30,SYNTHETIC,True,SYNTHETIC_MANIFEST,coverage,f1d9ec85-f3b3-4b8a-aa01-958c80d7b8cb,coverage:severe:terrain:NA,1522004,PROPAGATION_DOMAIN,TERRAIN_PROPAGATION_LIKELY,PROPAGATION_DOMAIN,TERRAIN_PROPAGATION_LIKELY,True,False,coverage:severe:terrain:NA
254,f45e98e1-0634-40af-9cef-cfe44ecef6f8,CELL,GX-CELL-001,POPULATION_CORRELATION,,,0.9,NO_MODEL_SPECIFIC_PATTERN,STRONG,0.0,1.0,0.0,0.0,1.0,0.0,0.0,0.0,40,36,4,47.12,82.0,54.02,67.01,-6.97,0.0,10.0,PROPAGATION_DOMAIN,TERRAIN_PROPAGATION_LIKELY,0.6904,True,,,True,2026-09-25T08:43:00.431835+05:30,SYNTHETIC,True,SYNTHETIC_MANIFEST,coverage,f1d9ec85-f3b3-4b8a-aa01-958c80d7b8cb,coverage:severe:terrain:NA,1522005,PROPAGATION_DOMAIN,TERRAIN_PROPAGATION_LIKELY,PROPAGATION_DOMAIN,TERRAIN_PROPAGATION_LIKELY,True,False,coverage:severe:terrain:NA
255,8ed9a742-6802-4203-8c13-44c5714c3247,CELL,GX-CELL-001,POPULATION_CORRELATION,,,0.9,NO_MODEL_SPECIFIC_PATTERN,STRONG,0.0,1.0,0.0,0.0,1.0,0.0,0.0,0.0,40,36,4,47.12,82.0,54.02,67.01,-6.97,0.0,10.0,PROPAGATION_DOMAIN,TERRAIN_PROPAGATION_LIKELY,0.6904,True,,,True,2026-09-25T08:43:05.948203+05:30,SYNTHETIC,True,SYNTHETIC_MANIFEST,coverage,f1d9ec85-f3b3-4b8a-aa01-958c80d7b8cb,coverage:severe:terrain:NA,1522006,PROPAGATION_DOMAIN,TERRAIN_PROPAGATION_LIKELY,PROPAGATION_DOMAIN,TERRAIN_PROPAGATION_LIKELY,True,False,coverage:severe:terrain:NA
256,f20010e0-519d-47c8-a1f8-3e6f11dc5fb2,CELL,GX-CELL-001,POPULATION_CORRELATION,,,0.9,NO_MODEL_SPECIFIC_PATTERN,STRONG,0.0,1.0,0.0,0.0,1.0,0.0,0.0,0.0,40,36,4,47.12,82.0,54.02,67.01,-6.97,0.0,10.0,PROPAGATION_DOMAIN,TERRAIN_PROPAGATION_LIKELY,0.6904,True,,,True,2026-09-25T08:43:12.314964+05:30,SYNTHETIC,True,SYNTHETIC_MANIFEST,coverage,f1d9ec85-f3b3-4b8a-aa01-958c80d7b8cb,coverage:severe:terrain:NA,1522007,PROPAGATION_DOMAIN,TERRAIN_PROPAGATION_LIKELY,PROPAGATION_DOMAIN,TERRAIN_PROPAGATION_LIKELY,True,False,coverage:severe:terrain:NA
257,16db3311-6a8e-4fd3-8e12-da07f8c734a4,CELL,GX-CELL-001,POPULATION_CORRELATION,,,0.225,DEVICE_MODEL_SPECIFIC_PATTERN,STRONG,0.0,0.0,1.0,0.0,1.0,1.0,0.0,1.0,40,9,31,32.18,80.67,41.38,53.84,-5.54,87.97,12.5,DEVICE_DOMAIN,DEVICE_MODEL_OR_FIRMWARE,0.706,True,,,True,2026-09-25T08:46:51.722280+05:30,SYNTHETIC,True,SYNTHETIC_MANIFEST,device-model,a0dc9793-9eca-489b-82f8-f7ff9296ba51,device-model:mild:NA:Galaxy A55,1610000,DEVICE_DOMAIN,DEVICE_MODEL_OR_FIRMWARE,DEVICE_DOMAIN,DEVICE_MODEL_OR_FIRMWARE,True,False,device-model:mild:NA:Galaxy A55
258,82c4be2b-6efd-41a9-b284-bdad2f9282e6,CELL,GX-CELL-001,POPULATION_CORRELATION,,,0.225,DEVICE_MODEL_SPECIFIC_PATTERN,STRONG,0.0,0.0,1.0,0.0,1.0,1.0,0.0,1.0,40,9,31,39.08,82.0,43.68,72.02,-8.54,88.87,12.5,DEVICE_DOMAIN,DEVICE_MODEL_OR_FIRMWARE,0.706,True,,,True,2026-09-25T08:48:18.617539+05:30,SYNTHETIC,True,SYNTHETIC_MANIFEST,device-model,a0dc9793-9eca-489b-82f8-f7ff9296ba51,device-model:mild:NA:Galaxy A55,1610001,DEVICE_DOMAIN,DEVICE_MODEL_OR_FIRMWARE,DEVICE_DOMAIN,DEVICE_MODEL_OR_FIRMWARE,True,False,device-model:mild:NA:Galaxy A55
259,12e1514c-bca4-42cc-b05e-c4760379ad00,CELL,GX-CELL-001,POPULATION_CORRELATION,,,0.225,DEVICE_MODEL_SPECIFIC_PATTERN,STRONG,0.0,0.0,1.0,0.0,1.0,1.0,0.0,1.0,40,9,31,55.17,80.67,57.47,69.27,-9.81,89.22,12.5,DEVICE_DOMAIN,DEVICE_MODEL_OR_FIRMWARE,0.706,True,,,True,2026-09-25T08:49:16.978795+05:30,SYNTHETIC,True,SYNTHETIC_MANIFEST,device-model,b4ab9e7d-b9ae-4656-ab12-ac15121a9527,device-model:mild:NA:iPhone 15,1611000,DEVICE_DOMAIN,DEVICE_MODEL_OR_FIRMWARE,DEVICE_DOMAIN,DEVICE_MODEL_OR_FIRMWARE,True,False,device-model:mild:NA:iPhone 15
260,bfe498ee-db45-4c57-8f30-6e549272e270,CELL,GX-CELL-001,POPULATION_CORRELATION,,,0.225,DEVICE_MODEL_SPECIFIC_PATTERN,STRONG,0.0,0.0,1.0,0.0,1.0,1.0,0.0,1.0,40,9,31,31.03,80.67,39.08,43.08,-5.66,89.22,12.5,DEVICE_DOMAIN,DEVICE_MODEL_OR_FIRMWARE,0.706,True,,,True,2026-09-25T08:50:24.314002+05:30,SYNTHETIC,True,SYNTHETIC_MANIFEST,device-model,b4ab9e7d-b9ae-4656-ab12-ac15121a9527,device-model:mild:NA:iPhone 15,1611001,DEVICE_DOMAIN,DEVICE_MODEL_OR_FIRMWARE,DEVICE_DOMAIN,DEVICE_MODEL_OR_FIRMWARE,True,False,device-model:mild:NA:iPhone 15
261,ad02ec8d-f47b-4392-9eb3-2ff58f806a72,CELL,GX-CELL-001,POPULATION_CORRELATION,,,0.225,DEVICE_MODEL_SPECIFIC_PATTERN,STRONG,0.0,0.0,1.0,0.0,1.0,1.0,0.0,1.0,40,9,31,47.13,80.67,49.42,57.84,-6.2,89.22,12.5,DEVICE_DOMAIN,DEVICE_MODEL_OR_FIRMWARE,0.706,True,,,True,2026-09-25T08:50:59.413215+05:30,SYNTHETIC,True,SYNTHETIC_MANIFEST,device-model,271f1486-fa34-4ba5-b1b1-7e13ed36a6ca,device-model:mild:NA:Redmi Note 14,1612000,DEVICE_DOMAIN,DEVICE_MODEL_OR_FIRMWARE,DEVICE_DOMAIN,DEVICE_MODEL_OR_FIRMWARE,True,False,device-model:mild:NA:Redmi Note 14
262,a9d109f7-40af-48a9-bb11-a8e1714a5568,CELL,GX-CELL-001,POPULATION_CORRELATION,,,0.225,DEVICE_MODEL_SPECIFIC_PATTERN,STRONG,0.0,0.0,1.0,0.0,1.0,1.0,0.0,1.0,40,9,31,50.57,80.67,57.47,58.03,-6.92,89.22,12.5,DEVICE_DOMAIN,DEVICE_MODEL_OR_FIRMWARE,0.706,True,,,True,2026-09-25T08:53:00.606988+05:30,SYNTHETIC,True,SYNTHETIC_MANIFEST,device-model,271f1486-fa34-4ba5-b1b1-7e13ed36a6ca,device-model:mild:NA:Redmi Note 14,1612001,DEVICE_DOMAIN,DEVICE_MODEL_OR_FIRMWARE,DEVICE_DOMAIN,DEVICE_MODEL_OR_FIRMWARE,True,False,device-model:mild:NA:Redmi Note 14
263,0b6db841-6472-4fe8-b735-6a39cb7073ed,CELL,GX-CELL-001,POPULATION_CORRELATION,,,0.225,DEVICE_MODEL_SPECIFIC_PATTERN,STRONG,0.0,0.0,1.0,0.0,1.0,1.0,0.0,1.0,40,9,31,59.77,80.67,64.37,72.89,-9.0,89.66,12.5,DEVICE_DOMAIN,DEVICE_MODEL_OR_FIRMWARE,0.706,True,,,True,2026-09-25T08:53:40.416789+05:30,SYNTHETIC,True,SYNTHETIC_MANIFEST,device-model,46599bbd-50f9-4dd1-92ed-3804eb8bec35,device-model:mild:NA:DemoPhone X1,1613000,DEVICE_DOMAIN,DEVICE_MODEL_OR_FIRMWARE,DEVICE_DOMAIN,DEVICE_MODEL_OR_FIRMWARE,True,False,device-model:mild:NA:DemoPhone X1
264,a48fc825-a9ec-4c4e-b36f-c32f4c4ba983,CELL,GX-CELL-001,POPULATION_CORRELATION,,,0.275,DEVICE_MODEL_SPECIFIC_PATTERN,STRONG,0.0,0.0,1.0,0.0,1.0,1.0,0.0,1.0,40,11,29,35.63,80.67,43.68,57.88,-5.86,88.49,12.5,DEVICE_DOMAIN,DEVICE_MODEL_OR_FIRMWARE,0.8377,True,,,True,2026-09-25T08:54:41.097556+05:30,SYNTHETIC,True,SYNTHETIC_MANIFEST,device-model,2e18b7a2-f112-4622-9728-2618bba911f7,device-model:moderate:NA:Galaxy A55,1614000,DEVICE_DOMAIN,DEVICE_MODEL_OR_FIRMWARE,DEVICE_DOMAIN,DEVICE_MODEL_OR_FIRMWARE,True,False,device-model:moderate:NA:Galaxy A55
265,af5644ae-0265-4b48-93c7-c29c70f3beb7,CELL,GX-CELL-001,POPULATION_CORRELATION,,,0.275,DEVICE_MODEL_SPECIFIC_PATTERN,STRONG,0.0,0.0,1.0,0.0,1.0,1.0,0.0,1.0,40,11,29,28.74,82.0,34.48,50.43,-5.18,88.14,12.5,DEVICE_DOMAIN,DEVICE_MODEL_OR_FIRMWARE,0.8377,True,,,True,2026-09-25T08:55:56.239325+05:30,SYNTHETIC,True,SYNTHETIC_MANIFEST,device-model,2e18b7a2-f112-4622-9728-2618bba911f7,device-model:moderate:NA:Galaxy A55,1614001,DEVICE_DOMAIN,DEVICE_MODEL_OR_FIRMWARE,DEVICE_DOMAIN,DEVICE_MODEL_OR_FIRMWARE,True,False,device-model:moderate:NA:Galaxy A55
266,e4eaa269-4589-4aa5-9dc4-2044fe92f205,CELL,GX-CELL-001,POPULATION_CORRELATION,,,0.275,DEVICE_MODEL_SPECIFIC_PATTERN,STRONG,0.0,0.0,1.0,0.0,1.0,1.0,0.0,0.6667,40,11,29,37.93,80.67,42.53,54.35,-6.91,88.66,12.5,DEVICE_DOMAIN,DEVICE_MODEL_OR_FIRMWARE,0.8377,True,,,True,2026-09-25T08:56:07.014154+05:30,SYNTHETIC,True,SYNTHETIC_MANIFEST,device-model,e5596556-0524-443b-b9aa-48df40144842,device-model:moderate:NA:iPhone 15,1615000,DEVICE_DOMAIN,DEVICE_MODEL_OR_FIRMWARE,DEVICE_DOMAIN,DEVICE_MODEL_OR_FIRMWARE,True,False,device-model:moderate:NA:iPhone 15
267,a82347dd-dbb6-400a-b43a-a31dd6ed0266,CELL,GX-CELL-001,POPULATION_CORRELATION,,,0.275,DEVICE_MODEL_SPECIFIC_PATTERN,STRONG,0.0,0.0,1.0,0.0,1.0,1.0,0.0,0.6667,40,11,29,49.43,80.67,54.02,75.67,-7.87,87.97,12.5,DEVICE_DOMAIN,DEVICE_MODEL_OR_FIRMWARE,0.8377,True,,,True,2026-09-25T08:57:16.064408+05:30,SYNTHETIC,True,SYNTHETIC_MANIFEST,device-model,e5596556-0524-443b-b9aa-48df40144842,device-model:moderate:NA:iPhone 15,1615001,DEVICE_DOMAIN,DEVICE_MODEL_OR_FIRMWARE,DEVICE_DOMAIN,DEVICE_MODEL_OR_FIRMWARE,True,False,device-model:moderate:NA:iPhone 15
268,b92b8016-b63d-49b4-a0ed-ae1af1e3d714,CELL,GX-CELL-001,POPULATION_CORRELATION,,,0.275,DEVICE_MODEL_SPECIFIC_PATTERN,STRONG,0.0,0.0,1.0,0.0,1.0,1.0,0.0,0.3333,40,11,29,34.48,80.67,39.08,57.23,-6.55,88.14,12.5,DEVICE_DOMAIN,DEVICE_MODEL_OR_FIRMWARE,0.8377,True,,,True,2026-09-25T08:58:22.781128+05:30,SYNTHETIC,True,SYNTHETIC_MANIFEST,device-model,55d1b119-30b6-4411-80a1-a2b51312de72,device-model:moderate:NA:Redmi Note 14,1616000,DEVICE_DOMAIN,DEVICE_MODEL_OR_FIRMWARE,DEVICE_DOMAIN,DEVICE_MODEL_OR_FIRMWARE,True,False,device-model:moderate:NA:Redmi Note 14
269,8c3e3daf-5c5e-4954-81cc-68c12839ba61,CELL,GX-CELL-001,POPULATION_CORRELATION,,,0.275,DEVICE_MODEL_SPECIFIC_PATTERN,STRONG,0.0,0.0,1.0,0.0,1.0,1.0,0.0,0.3333,40,11,29,28.74,80.67,34.48,49.2,-6.22,87.76,12.5,DEVICE_DOMAIN,DEVICE_MODEL_OR_FIRMWARE,0.8377,True,,,True,2026-09-25T08:59:43.186743+05:30,SYNTHETIC,True,SYNTHETIC_MANIFEST,device-model,55d1b119-30b6-4411-80a1-a2b51312de72,device-model:moderate:NA:Redmi Note 14,1616001,DEVICE_DOMAIN,DEVICE_MODEL_OR_FIRMWARE,DEVICE_DOMAIN,DEVICE_MODEL_OR_FIRMWARE,True,False,device-model:moderate:NA:Redmi Note 14
270,50d84af8-2a45-453c-9fe2-61eef32274a0,CELL,GX-CELL-001,POPULATION_CORRELATION,,,0.275,DEVICE_MODEL_SPECIFIC_PATTERN,STRONG,0.0,0.0,1.0,0.0,1.0,1.0,0.0,0.0,40,11,29,31.04,82.0,41.38,56.45,-5.71,86.89,12.5,DEVICE_DOMAIN,DEVICE_MODEL_OR_FIRMWARE,0.8377,True,,,True,2026-09-25T09:01:37.359747+05:30,SYNTHETIC,True,SYNTHETIC_MANIFEST,device-model,a4d6c498-6e12-4f2e-99c9-a1ed3b1cb34b,device-model:moderate:NA:DemoPhone X1,1617000,DEVICE_DOMAIN,DEVICE_MODEL_OR_FIRMWARE,DEVICE_DOMAIN,DEVICE_MODEL_OR_FIRMWARE,True,False,device-model:moderate:NA:DemoPhone X1
271,59597abe-1dec-4b12-ac29-6ef40d04fa07,CELL,GX-CELL-001,POPULATION_CORRELATION,,,0.275,DEVICE_MODEL_SPECIFIC_PATTERN,STRONG,0.0,0.0,1.0,0.0,1.0,1.0,0.0,0.0,40,11,29,50.57,80.67,56.32,62.02,-9.04,88.49,12.5,DEVICE_DOMAIN,DEVICE_MODEL_OR_FIRMWARE,0.8377,True,,,True,2026-09-25T09:02:59.461330+05:30,SYNTHETIC,True,SYNTHETIC_MANIFEST,device-model,a4d6c498-6e12-4f2e-99c9-a1ed3b1cb34b,device-model:moderate:NA:DemoPhone X1,1617001,DEVICE_DOMAIN,DEVICE_MODEL_OR_FIRMWARE,DEVICE_DOMAIN,DEVICE_MODEL_OR_FIRMWARE,True,False,device-model:moderate:NA:DemoPhone X1
272,f5b6ac5b-c8a5-45fd-8934-45540468dc52,CELL,GX-CELL-001,POPULATION_CORRELATION,,,0.3,DEVICE_MODEL_SPECIFIC_PATTERN,STRONG,0.0,0.0,1.0,0.0,1.0,1.0,0.0,1.0,40,12,28,73.56,82.0,82.76,104.86,-14.74,89.87,12.5,DEVICE_DOMAIN,DEVICE_MODEL_OR_FIRMWARE,0.882,True,,,True,2026-09-25T09:03:35.881162+05:30,SYNTHETIC,True,SYNTHETIC_MANIFEST,device-model,73dc546c-aaef-4215-aef4-de7d749fd0a2,device-model:severe:NA:Galaxy A55,1618000,DEVICE_DOMAIN,DEVICE_MODEL_OR_FIRMWARE,DEVICE_DOMAIN,DEVICE_MODEL_OR_FIRMWARE,True,False,device-model:severe:NA:Galaxy A55
273,e0d811b0-919f-44b1-8bad-0a380909f5f3,CELL,GX-CELL-001,POPULATION_CORRELATION,,,0.3,DEVICE_MODEL_SPECIFIC_PATTERN,STRONG,0.0,0.0,1.0,0.0,1.0,1.0,0.0,1.0,40,12,28,51.73,82.0,58.62,71.86,-9.31,88.25,12.5,DEVICE_DOMAIN,DEVICE_MODEL_OR_FIRMWARE,0.882,True,,,True,2026-09-25T09:04:09.910871+05:30,SYNTHETIC,True,SYNTHETIC_MANIFEST,device-model,73dc546c-aaef-4215-aef4-de7d749fd0a2,device-model:severe:NA:Galaxy A55,1618001,DEVICE_DOMAIN,DEVICE_MODEL_OR_FIRMWARE,DEVICE_DOMAIN,DEVICE_MODEL_OR_FIRMWARE,True,False,device-model:severe:NA:Galaxy A55
274,355c82c9-9fd9-4c76-b10a-970f51a9a83a,CELL,GX-CELL-001,POPULATION_CORRELATION,,,0.3,DEVICE_MODEL_SPECIFIC_PATTERN,STRONG,0.0,0.0,1.0,0.0,1.0,1.0,0.0,0.6667,40,12,28,55.17,82.0,57.47,60.45,-6.76,88.14,12.5,DEVICE_DOMAIN,DEVICE_MODEL_OR_FIRMWARE,0.882,True,,,True,2026-09-25T09:05:54.413811+05:30,SYNTHETIC,True,SYNTHETIC_MANIFEST,device-model,32081783-5c4f-48d8-8741-321a2daa2312,device-model:severe:NA:iPhone 15,1619000,DEVICE_DOMAIN,DEVICE_MODEL_OR_FIRMWARE,DEVICE_DOMAIN,DEVICE_MODEL_OR_FIRMWARE,True,False,device-model:severe:NA:iPhone 15
275,c6177bab-3e27-4e68-9f44-2e06f7c7120b,CELL,GX-CELL-001,POPULATION_CORRELATION,,,0.3,DEVICE_MODEL_SPECIFIC_PATTERN,STRONG,0.0,0.0,1.0,0.0,1.0,1.0,0.0,0.6667,40,12,28,33.33,80.67,41.38,55.85,-5.74,87.62,12.5,DEVICE_DOMAIN,DEVICE_MODEL_OR_FIRMWARE,0.882,True,,,True,2026-09-25T09:06:06.061960+05:30,SYNTHETIC,True,SYNTHETIC_MANIFEST,device-model,32081783-5c4f-48d8-8741-321a2daa2312,device-model:severe:NA:iPhone 15,1619001,DEVICE_DOMAIN,DEVICE_MODEL_OR_FIRMWARE,DEVICE_DOMAIN,DEVICE_MODEL_OR_FIRMWARE,True,False,device-model:severe:NA:iPhone 15
276,8395dcc6-99c6-4855-8fcd-3d8945992262,CELL,GX-CELL-001,POPULATION_CORRELATION,,,0.3,DEVICE_MODEL_SPECIFIC_PATTERN,STRONG,0.0,0.0,1.0,0.0,1.0,1.0,0.0,0.3333,40,12,28,37.93,82.0,43.68,58.35,-9.47,88.87,12.5,DEVICE_DOMAIN,DEVICE_MODEL_OR_FIRMWARE,0.882,True,,,True,2026-09-25T09:06:19.729344+05:30,SYNTHETIC,True,SYNTHETIC_MANIFEST,device-model,45f23835-a5b3-4124-b5fd-561022f1e221,device-model:severe:NA:Redmi Note 14,1620000,DEVICE_DOMAIN,DEVICE_MODEL_OR_FIRMWARE,DEVICE_DOMAIN,DEVICE_MODEL_OR_FIRMWARE,True,False,device-model:severe:NA:Redmi Note 14
277,f84f3c7d-7363-4b60-8410-a6941123d877,CELL,GX-CELL-001,POPULATION_CORRELATION,,,0.3,DEVICE_MODEL_SPECIFIC_PATTERN,STRONG,0.0,0.0,1.0,0.0,1.0,1.0,0.0,0.3333,40,12,28,35.63,80.67,42.53,58.32,-7.81,88.49,12.5,DEVICE_DOMAIN,DEVICE_MODEL_OR_FIRMWARE,0.882,True,,,True,2026-09-25T09:06:32.604385+05:30,SYNTHETIC,True,SYNTHETIC_MANIFEST,device-model,45f23835-a5b3-4124-b5fd-561022f1e221,device-model:severe:NA:Redmi Note 14,1620001,DEVICE_DOMAIN,DEVICE_MODEL_OR_FIRMWARE,DEVICE_DOMAIN,DEVICE_MODEL_OR_FIRMWARE,True,False,device-model:severe:NA:Redmi Note 14
278,3c81b351-99c6-4b4c-85e9-97c99a229cb2,CELL,GX-CELL-001,POPULATION_CORRELATION,,,0.3,DEVICE_MODEL_SPECIFIC_PATTERN,STRONG,0.0,0.0,1.0,0.0,1.0,1.0,0.0,0.0,40,12,28,41.38,82.0,43.68,60.27,-8.15,87.41,8.33,DEVICE_DOMAIN,DEVICE_MODEL_OR_FIRMWARE,0.882,True,,,True,2026-09-25T09:07:17.125181+05:30,SYNTHETIC,True,SYNTHETIC_MANIFEST,device-model,ea5fd7f8-7419-4f2c-a91e-8123ba58cb49,device-model:severe:NA:DemoPhone X1,1621000,DEVICE_DOMAIN,DEVICE_MODEL_OR_FIRMWARE,DEVICE_DOMAIN,DEVICE_MODEL_OR_FIRMWARE,True,False,device-model:severe:NA:DemoPhone X1
279,1b9ee1f7-9281-46ca-b635-ef04ac1fbc0b,CELL,GX-CELL-001,POPULATION_CORRELATION,,,0.3,DEVICE_MODEL_SPECIFIC_PATTERN,STRONG,0.0,0.0,1.0,0.0,1.0,1.0,0.0,0.0,40,12,28,41.38,82.0,49.42,59.83,-6.31,87.1,12.5,DEVICE_DOMAIN,DEVICE_MODEL_OR_FIRMWARE,0.882,True,,,True,2026-09-25T09:07:35.677748+05:30,SYNTHETIC,True,SYNTHETIC_MANIFEST,device-model,ea5fd7f8-7419-4f2c-a91e-8123ba58cb49,device-model:severe:NA:DemoPhone X1,1621001,DEVICE_DOMAIN,DEVICE_MODEL_OR_FIRMWARE,DEVICE_DOMAIN,DEVICE_MODEL_OR_FIRMWARE,True,False,device-model:severe:NA:DemoPhone X1
280,95d45926-31aa-4f89-baea-5cb155a1ed7e,CELL,GX-CELL-001,POPULATION_CORRELATION,,,0.225,DEVICE_MODEL_SPECIFIC_PATTERN,STRONG,0.0,0.0,1.0,0.0,1.0,1.0,0.0,0.0,40,9,31,41.38,82.0,48.27,64.91,-8.47,88.35,11.75,DEVICE_DOMAIN,DEVICE_MODEL_OR_FIRMWARE,0.706,True,,,True,2026-09-25T09:33:35.128334+05:30,SYNTHETIC,True,SYNTHETIC_MANIFEST,device-model,f8dd2964-2ccc-4d64-8d60-ae6ea4dccf8d,device-model:mild:NA:DemoPhone X1,1613002,DEVICE_DOMAIN,DEVICE_MODEL_OR_FIRMWARE,DEVICE_DOMAIN,DEVICE_MODEL_OR_FIRMWARE,True,False,device-model:mild:NA:DemoPhone X1
281,15ac5fd2-b8aa-49cc-933b-82f3c1f7f408,CELL,GX-CELL-001,POPULATION_CORRELATION,,,0.6,NO_MODEL_SPECIFIC_PATTERN,STRONG,0.0,0.0,1.0,0.0,1.0,1.0,0.0,0.0,40,24,16,47.13,82.0,51.72,59.58,-6.8,87.83,11.75,NETWORK_DOMAIN,INTERFERENCE,0.7268,True,,,True,2026-09-25T09:41:31.115651+05:30,SYNTHETIC,True,SYNTHETIC_MANIFEST,interference,70d6c24f-3a85-4a63-9147-9d06653df088,interference:mild:NA:NA,1730000,NETWORK_DOMAIN,INTERFERENCE,NETWORK_DOMAIN,INTERFERENCE,True,False,interference:mild:NA:NA
282,5fdcc722-0705-46e2-834a-cab67a94a553,CELL,GX-CELL-001,POPULATION_CORRELATION,,,0.6,NO_MODEL_SPECIFIC_PATTERN,STRONG,0.0,0.0,1.0,0.0,1.0,1.0,0.0,0.0,40,24,16,60.92,80.67,67.82,87.92,-10.99,89.57,11.75,NETWORK_DOMAIN,INTERFERENCE,0.7268,True,,,True,2026-09-25T09:43:04.965925+05:30,SYNTHETIC,True,SYNTHETIC_MANIFEST,interference,70d6c24f-3a85-4a63-9147-9d06653df088,interference:mild:NA:NA,1730001,NETWORK_DOMAIN,INTERFERENCE,NETWORK_DOMAIN,INTERFERENCE,True,False,interference:mild:NA:NA
283,268a4549-67ee-41d0-9b49-2149bae2f575,CELL,GX-CELL-001,POPULATION_CORRELATION,,,0.6,NO_MODEL_SPECIFIC_PATTERN,STRONG,0.0,0.0,1.0,0.0,1.0,1.0,0.0,0.0,40,24,16,40.23,80.67,45.98,59.21,-6.85,89.01,11.75,NETWORK_DOMAIN,INTERFERENCE,0.7268,True,,,True,2026-09-25T09:45:31.636882+05:30,SYNTHETIC,True,SYNTHETIC_MANIFEST,interference,70d6c24f-3a85-4a63-9147-9d06653df088,interference:mild:NA:NA,1730002,NETWORK_DOMAIN,INTERFERENCE,NETWORK_DOMAIN,INTERFERENCE,True,False,interference:mild:NA:NA
284,5f502edc-172a-4767-aa21-e20cd5216998,CELL,GX-CELL-001,POPULATION_CORRELATION,,,0.6,NO_MODEL_SPECIFIC_PATTERN,STRONG,0.0,0.0,1.0,0.0,1.0,1.0,0.0,0.0,40,24,16,52.87,80.67,58.62,67.65,-7.17,89.92,11.75,NETWORK_DOMAIN,INTERFERENCE,0.7268,True,,,True,2026-09-25T09:47:02.968646+05:30,SYNTHETIC,True,SYNTHETIC_MANIFEST,interference,70d6c24f-3a85-4a63-9147-9d06653df088,interference:mild:NA:NA,1730003,NETWORK_DOMAIN,INTERFERENCE,NETWORK_DOMAIN,INTERFERENCE,True,False,interference:mild:NA:NA
285,6508a293-42df-4f2d-abfd-cce88557fb06,CELL,GX-CELL-001,POPULATION_CORRELATION,,,0.6,NO_MODEL_SPECIFIC_PATTERN,STRONG,0.0,0.0,1.0,0.0,1.0,1.0,0.0,0.0,40,24,16,45.98,80.67,54.02,58.13,-9.03,88.35,11.75,NETWORK_DOMAIN,INTERFERENCE,0.7268,True,,,True,2026-09-25T09:48:09.814399+05:30,SYNTHETIC,True,SYNTHETIC_MANIFEST,interference,70d6c24f-3a85-4a63-9147-9d06653df088,interference:mild:NA:NA,1730004,NETWORK_DOMAIN,INTERFERENCE,NETWORK_DOMAIN,INTERFERENCE,True,False,interference:mild:NA:NA
286,e53f4abe-78aa-4beb-a9bd-7fc6b18cd94d,CELL,GX-CELL-001,POPULATION_CORRELATION,,,0.6,NO_MODEL_SPECIFIC_PATTERN,STRONG,0.0,0.0,1.0,0.0,1.0,1.0,0.0,0.6667,40,24,16,37.93,79.33,45.98,61.67,-7.34,88.49,11.75,NETWORK_DOMAIN,INTERFERENCE,0.7268,True,,,True,2026-09-25T09:48:52.529367+05:30,SYNTHETIC,True,SYNTHETIC_MANIFEST,interference,70d6c24f-3a85-4a63-9147-9d06653df088,interference:mild:NA:NA,1730005,NETWORK_DOMAIN,INTERFERENCE,NETWORK_DOMAIN,INTERFERENCE,True,False,interference:mild:NA:NA
287,f0ae5e56-ba9e-4d5a-8fe3-069bb82152f1,CELL,GX-CELL-001,POPULATION_CORRELATION,,,0.6,NO_MODEL_SPECIFIC_PATTERN,STRONG,0.0,0.0,1.0,0.0,1.0,1.0,0.0,1.0,40,24,16,49.43,80.67,50.57,61.68,-8.79,89.87,11.75,NETWORK_DOMAIN,INTERFERENCE,0.7268,True,,,True,2026-09-25T09:49:58.557159+05:30,SYNTHETIC,True,SYNTHETIC_MANIFEST,interference,70d6c24f-3a85-4a63-9147-9d06653df088,interference:mild:NA:NA,1730006,NETWORK_DOMAIN,INTERFERENCE,NETWORK_DOMAIN,INTERFERENCE,True,False,interference:mild:NA:NA
288,bdb62425-ad01-4abe-9193-18b2ead0ce79,CELL,GX-CELL-001,POPULATION_CORRELATION,,,0.6,NO_MODEL_SPECIFIC_PATTERN,STRONG,0.0,0.0,1.0,0.0,1.0,1.0,0.0,1.0,40,24,16,56.32,80.67,57.47,75.58,-9.78,88.7,11.75,NETWORK_DOMAIN,INTERFERENCE,0.7268,True,,,True,2026-09-25T09:50:57.716911+05:30,SYNTHETIC,True,SYNTHETIC_MANIFEST,interference,70d6c24f-3a85-4a63-9147-9d06653df088,interference:mild:NA:NA,1730007,NETWORK_DOMAIN,INTERFERENCE,NETWORK_DOMAIN,INTERFERENCE,True,False,interference:mild:NA:NA
289,53857ce8-09d1-401f-b4c5-1ed57e218d56,CELL,GX-CELL-001,POPULATION_CORRELATION,,,0.8,NO_MODEL_SPECIFIC_PATTERN,STRONG,0.0,0.0,1.0,0.0,1.0,1.0,0.0,0.3333,40,32,8,52.87,82.0,56.32,64.71,-8.37,87.41,11.75,NETWORK_DOMAIN,INTERFERENCE,0.7268,True,,,True,2026-09-25T09:52:13.292762+05:30,SYNTHETIC,True,SYNTHETIC_MANIFEST,interference,0844e2f0-7aeb-400c-a1ba-9a73fe252666,interference:moderate:NA:NA,1731000,NETWORK_DOMAIN,INTERFERENCE,NETWORK_DOMAIN,INTERFERENCE,True,False,interference:moderate:NA:NA
290,e091becc-41ca-4a31-b33c-e486c271f47b,CELL,GX-CELL-001,POPULATION_CORRELATION,,,0.8,NO_MODEL_SPECIFIC_PATTERN,STRONG,0.0,0.0,1.0,0.0,1.0,1.0,0.0,0.3333,40,32,8,42.53,80.67,45.98,64.4,-6.8,89.57,11.75,NETWORK_DOMAIN,INTERFERENCE,0.7268,True,,,True,2026-09-25T09:52:47.714502+05:30,SYNTHETIC,True,SYNTHETIC_MANIFEST,interference,0844e2f0-7aeb-400c-a1ba-9a73fe252666,interference:moderate:NA:NA,1731001,NETWORK_DOMAIN,INTERFERENCE,NETWORK_DOMAIN,INTERFERENCE,True,False,interference:moderate:NA:NA
291,685728da-e1ba-46b7-89af-fbaf8c1888c4,CELL,GX-CELL-001,POPULATION_CORRELATION,,,0.8,NO_MODEL_SPECIFIC_PATTERN,STRONG,0.0,0.0,1.0,0.0,1.0,1.0,0.0,0.3333,40,32,8,36.78,79.33,41.38,49.66,-7.02,89.36,11.75,NETWORK_DOMAIN,INTERFERENCE,0.7268,True,,,True,2026-09-25T09:54:21.721131+05:30,SYNTHETIC,True,SYNTHETIC_MANIFEST,interference,0844e2f0-7aeb-400c-a1ba-9a73fe252666,interference:moderate:NA:NA,1731002,NETWORK_DOMAIN,INTERFERENCE,NETWORK_DOMAIN,INTERFERENCE,True,False,interference:moderate:NA:NA
292,1a2080f6-bc6d-454a-8371-7a2d6a527679,CELL,GX-CELL-001,POPULATION_CORRELATION,,,0.8,NO_MODEL_SPECIFIC_PATTERN,STRONG,0.0,0.0,1.0,0.0,1.0,1.0,0.0,0.3333,40,32,8,47.13,80.67,51.72,59.05,-6.24,89.05,11.75,NETWORK_DOMAIN,INTERFERENCE,0.7268,True,,,True,2026-09-25T09:55:14.213192+05:30,SYNTHETIC,True,SYNTHETIC_MANIFEST,interference,0844e2f0-7aeb-400c-a1ba-9a73fe252666,interference:moderate:NA:NA,1731003,NETWORK_DOMAIN,INTERFERENCE,NETWORK_DOMAIN,INTERFERENCE,True,False,interference:moderate:NA:NA
293,0675528c-eae5-4613-b9f9-0053ee1ae155,CELL,GX-CELL-001,POPULATION_CORRELATION,,,0.8,NO_MODEL_SPECIFIC_PATTERN,STRONG,0.0,0.0,1.0,0.0,1.0,1.0,0.0,0.3333,40,32,8,55.17,82.0,58.62,68.4,-6.96,88.7,11.75,NETWORK_DOMAIN,INTERFERENCE,0.7268,True,,,True,2026-09-25T09:55:25.367750+05:30,SYNTHETIC,True,SYNTHETIC_MANIFEST,interference,0844e2f0-7aeb-400c-a1ba-9a73fe252666,interference:moderate:NA:NA,1731004,NETWORK_DOMAIN,INTERFERENCE,NETWORK_DOMAIN,INTERFERENCE,True,False,interference:moderate:NA:NA
294,1baa2b06-110a-4601-b588-e0a1beb1d0ca,CELL,GX-CELL-001,POPULATION_CORRELATION,,,0.8,NO_MODEL_SPECIFIC_PATTERN,STRONG,0.0,0.0,1.0,0.0,1.0,1.0,0.0,0.3333,40,32,8,42.53,79.33,45.98,58.32,-6.02,89.05,11.75,NETWORK_DOMAIN,INTERFERENCE,0.7268,True,,,True,2026-09-25T09:56:25.251411+05:30,SYNTHETIC,True,SYNTHETIC_MANIFEST,interference,0844e2f0-7aeb-400c-a1ba-9a73fe252666,interference:moderate:NA:NA,1731005,NETWORK_DOMAIN,INTERFERENCE,NETWORK_DOMAIN,INTERFERENCE,True,False,interference:moderate:NA:NA
295,28957f28-64e1-462e-b677-322ecc01d1b8,CELL,GX-CELL-001,POPULATION_CORRELATION,,,0.8,NO_MODEL_SPECIFIC_PATTERN,STRONG,0.0,0.0,1.0,0.0,1.0,1.0,0.0,1.0,40,32,8,35.63,80.67,40.23,47.23,-6.12,89.22,11.75,NETWORK_DOMAIN,INTERFERENCE,0.7268,True,,,True,2026-09-25T09:57:00.477903+05:30,SYNTHETIC,True,SYNTHETIC_MANIFEST,interference,0844e2f0-7aeb-400c-a1ba-9a73fe252666,interference:moderate:NA:NA,1731006,NETWORK_DOMAIN,INTERFERENCE,NETWORK_DOMAIN,INTERFERENCE,True,False,interference:moderate:NA:NA
296,a8ac1357-d288-43b6-b14c-433a892d98e7,CELL,GX-CELL-001,POPULATION_CORRELATION,,,0.8,NO_MODEL_SPECIFIC_PATTERN,STRONG,0.0,0.0,1.0,0.0,1.0,1.0,0.0,1.0,40,32,8,35.63,80.67,45.98,53.69,-6.51,87.76,11.75,NETWORK_DOMAIN,INTERFERENCE,0.7268,True,,,True,2026-09-25T09:57:38.437872+05:30,SYNTHETIC,True,SYNTHETIC_MANIFEST,interference,0844e2f0-7aeb-400c-a1ba-9a73fe252666,interference:moderate:NA:NA,1731007,NETWORK_DOMAIN,INTERFERENCE,NETWORK_DOMAIN,INTERFERENCE,True,False,interference:moderate:NA:NA
297,49bb8b0a-17fa-4852-a22c-719449a877b5,CELL,GX-CELL-001,POPULATION_CORRELATION,,,0.9,NO_MODEL_SPECIFIC_PATTERN,STRONG,0.0,0.0,1.0,0.0,1.0,1.0,0.0,0.6667,40,36,4,55.17,80.67,63.22,77.02,-9.66,90.22,11.75,NETWORK_DOMAIN,INTERFERENCE,0.7268,True,,,True,2026-09-25T09:58:26.298301+05:30,SYNTHETIC,True,SYNTHETIC_MANIFEST,interference,19fd4fc0-5955-401d-9851-954c64e45c1d,interference:severe:NA:NA,1732000,NETWORK_DOMAIN,INTERFERENCE,NETWORK_DOMAIN,INTERFERENCE,True,False,interference:severe:NA:NA
298,b7b1a689-44f3-4a66-8c00-d7764f23ea0a,CELL,GX-CELL-001,POPULATION_CORRELATION,,,0.9,NO_MODEL_SPECIFIC_PATTERN,STRONG,0.0,0.0,1.0,0.0,1.0,1.0,0.0,0.6667,40,36,4,51.72,80.67,54.02,68.45,-8.5,88.84,11.75,NETWORK_DOMAIN,INTERFERENCE,0.7268,True,,,True,2026-09-25T09:59:59.556158+05:30,SYNTHETIC,True,SYNTHETIC_MANIFEST,interference,19fd4fc0-5955-401d-9851-954c64e45c1d,interference:severe:NA:NA,1732001,NETWORK_DOMAIN,INTERFERENCE,NETWORK_DOMAIN,INTERFERENCE,True,False,interference:severe:NA:NA
299,e9d0eb85-0445-4817-800f-97f07cc389d8,CELL,GX-CELL-001,POPULATION_CORRELATION,,,0.9,NO_MODEL_SPECIFIC_PATTERN,STRONG,0.0,0.0,1.0,0.0,1.0,1.0,0.0,0.6667,40,36,4,29.89,80.67,40.23,60.5,-6.32,89.22,12.25,NETWORK_DOMAIN,INTERFERENCE,0.7268,True,,,True,2026-09-25T10:00:12.501260+05:30,SYNTHETIC,True,SYNTHETIC_MANIFEST,interference,19fd4fc0-5955-401d-9851-954c64e45c1d,interference:severe:NA:NA,1732002,NETWORK_DOMAIN,INTERFERENCE,NETWORK_DOMAIN,INTERFERENCE,True,False,interference:severe:NA:NA
300,a40e8da5-0db3-4bc6-b783-4f58eea718a0,CELL,GX-CELL-001,POPULATION_CORRELATION,,,0.9,NO_MODEL_SPECIFIC_PATTERN,STRONG,0.0,0.0,1.0,0.0,1.0,1.0,0.0,0.6667,40,36,4,57.47,82.0,59.77,71.5,-9.53,90.22,11.75,NETWORK_DOMAIN,INTERFERENCE,0.7268,True,,,True,2026-09-25T10:00:51.118780+05:30,SYNTHETIC,True,SYNTHETIC_MANIFEST,interference,19fd4fc0-5955-401d-9851-954c64e45c1d,interference:severe:NA:NA,1732003,NETWORK_DOMAIN,INTERFERENCE,NETWORK_DOMAIN,INTERFERENCE,True,False,interference:severe:NA:NA
301,8a78f67b-f8f3-4e11-8e49-a7e44e610942,CELL,GX-CELL-001,POPULATION_CORRELATION,,,0.9,NO_MODEL_SPECIFIC_PATTERN,STRONG,0.0,0.0,1.0,0.0,1.0,1.0,0.0,0.6667,40,36,4,43.68,79.33,47.13,48.61,-5.27,89.92,12.25,NETWORK_DOMAIN,INTERFERENCE,0.7268,True,,,True,2026-09-25T10:01:03.538058+05:30,SYNTHETIC,True,SYNTHETIC_MANIFEST,interference,19fd4fc0-5955-401d-9851-954c64e45c1d,interference:severe:NA:NA,1732004,NETWORK_DOMAIN,INTERFERENCE,NETWORK_DOMAIN,INTERFERENCE,True,False,interference:severe:NA:NA
302,47c64674-6fba-41fb-b879-95b0be5bb1e1,CELL,GX-CELL-001,POPULATION_CORRELATION,,,0.9,NO_MODEL_SPECIFIC_PATTERN,STRONG,0.0,0.0,1.0,0.0,1.0,1.0,0.0,1.0,40,36,4,62.07,80.67,65.52,71.09,-8.04,88.84,11.75,NETWORK_DOMAIN,INTERFERENCE,0.7268,True,,,True,2026-09-25T10:01:15.407633+05:30,SYNTHETIC,True,SYNTHETIC_MANIFEST,interference,19fd4fc0-5955-401d-9851-954c64e45c1d,interference:severe:NA:NA,1732005,NETWORK_DOMAIN,INTERFERENCE,NETWORK_DOMAIN,INTERFERENCE,True,False,interference:severe:NA:NA
303,9cb90a4c-8329-4a46-b76c-49e1ac5da4c5,CELL,GX-CELL-001,POPULATION_CORRELATION,,,0.9,NO_MODEL_SPECIFIC_PATTERN,STRONG,0.0,0.0,1.0,0.0,1.0,1.0,0.0,1.0,40,36,4,45.98,80.67,47.13,56.77,-7.37,89.01,12.0,NETWORK_DOMAIN,INTERFERENCE,0.7268,True,,,True,2026-09-25T10:01:49.763505+05:30,SYNTHETIC,True,SYNTHETIC_MANIFEST,interference,19fd4fc0-5955-401d-9851-954c64e45c1d,interference:severe:NA:NA,1732006,NETWORK_DOMAIN,INTERFERENCE,NETWORK_DOMAIN,INTERFERENCE,True,False,interference:severe:NA:NA
304,22a44ccf-c524-4ab2-b782-337135ff1381,CELL,GX-CELL-001,POPULATION_CORRELATION,,,0.9,NO_MODEL_SPECIFIC_PATTERN,STRONG,0.0,0.0,1.0,0.0,1.0,1.0,0.0,1.0,40,36,4,47.13,80.67,56.32,60.84,-8.14,88.49,11.75,NETWORK_DOMAIN,INTERFERENCE,0.7268,True,,,True,2026-09-25T10:02:01.869705+05:30,SYNTHETIC,True,SYNTHETIC_MANIFEST,interference,19fd4fc0-5955-401d-9851-954c64e45c1d,interference:severe:NA:NA,1732007,NETWORK_DOMAIN,INTERFERENCE,NETWORK_DOMAIN,INTERFERENCE,True,False,interference:severe:NA:NA
